real,imag,modulus,angle_rad
0.9714477209120714,0.0,0.9714477209120714,0.0
-0.0019201842999415546,0.9509821832263748,0.9509841218031709,1.572815483120098
-0.0019201842999415546,-0.9509821832263748,0.9509841218031709,-1.572815483120098
0.9423844057070532,0.0,0.9423844057070532,0.0
-0.9309042350556033,0.0,0.9309042350556033,3.141592653589793
0.9209401429124859,0.004500976582750796,0.9209511418190807,0.004887332559589119
0.9209401429124859,-0.004500976582750796,0.9209511418190807,-0.004887332559589119
0.9061419550808854,-0.02681202009945614,0.9065385414750013,-0.029580574244137455
0.9061419550808854,0.02681202009945614,0.9065385414750013,0.029580574244137455
0.8969291040498493,0.0,0.8969291040498493,0.0
0.8464691994785967,-0.22024300334148555,0.8746525516951368,-0.2545462213355765
0.8464691994785967,0.22024300334148555,0.8746525516951368,0.2545462213355765
0.017454893784227876,-0.8604344910017635,0.8606115189924444,-1.550512969760131
0.017454893784227876,0.8604344910017635,0.8606115189924444,1.550512969760131
-0.8602027772861693,0.0,0.8602027772861693,3.141592653589793
0.8491010457872663,0.11566908522174003,0.8569433605747019,0.13539194737985497
0.8491010457872663,-0.11566908522174003,0.8569433605747019,-0.13539194737985497
0.8565515866941182,0.011548409083280807,0.8566294335478827,0.013481627489337606
0.8565515866941182,-0.011548409083280807,0.8566294335478827,-0.013481627489337606
-0.780874263846855,0.34761348159684496,0.8547512787508702,2.722771497444892
-0.780874263846855,-0.34761348159684496,0.8547512787508702,-2.722771497444892
0.36052176464027097,-0.7749309567796826,0.8546893766479196,-1.1353488865383585
0.36052176464027097,0.7749309567796826,0.8546893766479196,1.1353488865383585
0.7231028411383005,0.4479953834144316,0.8506336358403221,0.5546676314146122
0.7231028411383005,-0.4479953834144316,0.8506336358403221,-0.5546676314146122
-0.5920734899520592,-0.6068528302888595,0.8478333416029418,-2.343867968086783
-0.5920734899520592,0.6068528302888595,0.8478333416029418,2.343867968086783
0.7724293595890017,0.34081915850030464,0.844277687941551,0.4155370680626128
0.7724293595890017,-0.34081915850030464,0.844277687941551,-0.4155370680626128
-0.37825345493024853,0.7546908769218508,0.8441765193819014,2.0354060032385615
-0.37825345493024853,-0.7546908769218508,0.8441765193819014,-2.0354060032385615
0.646807656575616,-0.5423742601684767,0.8441149108374656,-0.697803357575991
0.646807656575616,0.5423742601684767,0.8441149108374656,0.697803357575991
0.5486381226725474,0.6319277555243966,0.8368610863529018,0.8558320607005419
0.5486381226725474,-0.6319277555243966,0.8368610863529018,-0.8558320607005419
0.02008091900376669,-0.8359239818779187,0.836165143250226,-1.546778523702858
0.02008091900376669,0.8359239818779187,0.836165143250226,1.546778523702858
-0.7694560406902897,-0.3267819339424872,0.8359719079645971,-2.7399827937096393
-0.7694560406902897,0.3267819339424872,0.8359719079645971,2.7399827937096393
0.7728127666255018,0.31328349276402473,0.8338981467168453,0.38513641303264456
0.7728127666255018,-0.31328349276402473,0.8338981467168453,-0.38513641303264456
-0.27623273045154434,0.7864487717742435,0.8335503536067461,1.9085759208833752
-0.27623273045154434,-0.7864487717742435,0.8335503536067461,-1.9085759208833752
-0.5858307532079168,-0.5887324158556618,0.8305441161572328,-2.3537240766622136
-0.5858307532079168,0.5887324158556618,0.8305441161572328,2.3537240766622136
0.5778730692071672,0.594014889215948,0.8287285277611399,0.7991714931376814
0.5778730692071672,-0.594014889215948,0.8287285277611399,-0.7991714931376814
-0.32682461682199787,-0.7608324039125844,0.8280581362466332,-1.9765245947283137
-0.32682461682199787,0.7608324039125844,0.8280581362466332,1.9765245947283137
0.028001619933402704,-0.8268565660242682,0.8273305696614501,-1.5369441160159185
0.028001619933402704,0.8268565660242682,0.8273305696614501,1.5369441160159185
0.7309872886458598,-0.38469871109748255,0.8260360249298393,-0.48444424702444605
0.7309872886458598,0.38469871109748255,0.8260360249298393,0.48444424702444605
-0.3008296747574689,-0.7691522377515105,0.8258896161430053,-1.94362287468655
-0.3008296747574689,0.7691522377515105,0.8258896161430053,1.94362287468655
0.0492986460389987,0.8230738955902481,0.824548964042394,1.5109720268698412
0.0492986460389987,-0.8230738955902481,0.824548964042394,-1.5109720268698412
-0.8208474010933815,-0.07523366405111,0.82428791091967,-3.0501943555396696
-0.8208474010933815,0.07523366405111,0.82428791091967,3.0501943555396696
0.30581032697281413,-0.764404243527813,0.8233066279379435,-1.190235108128964
0.30581032697281413,0.764404243527813,0.8233066279379435,1.190235108128964
-0.0777559621014291,-0.8195451230015015,0.8232254844681772,-1.6653901466871486
-0.0777559621014291,0.8195451230015015,0.8232254844681772,1.6653901466871486
0.3441228762316232,-0.7466159074573333,0.822104535454137,-1.1389066198493485
0.3441228762316232,0.7466159074573333,0.822104535454137,1.1389066198493485
0.5990314541131476,0.5610893302810493,0.8207678841013143,0.7527044948551784
0.5990314541131476,-0.5610893302810493,0.8207678841013143,-0.7527044948551784
-0.7466348548200656,-0.33787785090214817,0.8195273324071839,-2.7166332353200993
-0.7466348548200656,0.33787785090214817,0.8195273324071839,2.7166332353200993
-0.5343726538319656,0.6212376903900622,0.8194451788402909,2.2811674825783563
-0.5343726538319656,-0.6212376903900622,0.8194451788402909,-2.2811674825783563
0.636083160035378,0.5155766641991809,0.8187924542564784,0.6811403316890926
0.636083160035378,-0.5155766641991809,0.8187924542564784,-0.6811403316890926
0.37478787590019075,-0.7276483926584437,0.818497486410431,-1.0951676819396525
0.37478787590019075,0.7276483926584437,0.818497486410431,1.0951676819396525
-0.738125253734833,-0.35252431039436655,0.8179867233764466,-2.6960298446037148
-0.738125253734833,0.35252431039436655,0.8179867233764466,2.6960298446037148
0.208034590240887,-0.7897193920127457,0.8166609509812959,-1.3132195551356567
0.208034590240887,0.7897193920127457,0.8166609509812959,1.3132195551356567
-0.8158319451200815,-0.006068597437090584,0.8158545155560942,-3.1341542521540764
-0.8158319451200815,0.006068597437090584,0.8158545155560942,3.1341542521540764
0.7800858959185093,0.2368576082321269,0.8152518209660296,0.2947838833618951
0.7800858959185093,-0.2368576082321269,0.8152518209660296,-0.2947838833618951
-0.717361989364028,-0.3859729185476712,0.8146062347149836,-2.64797437583875
-0.717361989364028,0.3859729185476712,0.8146062347149836,2.64797437583875
0.6744518540668616,-0.4560500763945514,0.8141664299353685,-0.5945590796562106
0.6744518540668616,0.4560500763945514,0.8141664299353685,0.5945590796562106
-0.010419459353538727,0.8136765907423456,0.8137433007130114,1.583601033242039
-0.010419459353538727,-0.8136765907423456,0.8137433007130114,-1.583601033242039
0.42472015653662787,0.6931204743759574,0.8128980276563905,1.0210434323376045
0.42472015653662787,-0.6931204743759574,0.8128980276563905,-1.0210434323376045
-0.7593770881515045,-0.285134641246365,0.8111444542423694,-2.7823969203256875
-0.7593770881515045,0.285134641246365,0.8111444542423694,2.7823969203256875
-0.5902997201061336,0.5500365732058824,0.8068419866500811,2.391487962913638
-0.5902997201061336,-0.5500365732058824,0.8068419866500811,-2.391487962913638
0.7563129115586918,-0.2797512306937883,0.8063931865195011,-0.3542815886619331
0.7563129115586918,0.2797512306937883,0.8063931865195011,0.3542815886619331
-0.0018069752832930524,0.8051522605041354,0.8051542881675495,1.5730405883317442
-0.0018069752832930524,-0.8051522605041354,0.8051542881675495,-1.5730405883317442
-0.6363222340122867,0.49193122497176095,0.804302378213943,2.4834800528342074
-0.6363222340122867,-0.49193122497176095,0.804302378213943,-2.4834800528342074
0.723199801790245,0.35189317407225695,0.804267840503459,0.45285253726680635
0.723199801790245,-0.35189317407225695,0.804267840503459,-0.45285253726680635
-0.2552017965046482,0.7612541042807324,0.8028921273891405,1.8942606828782644
-0.2552017965046482,-0.7612541042807324,0.8028921273891405,-1.8942606828782644
-0.4664767222266065,-0.6533995325170701,0.8028271803276247,-2.1908053604747595
-0.4664767222266065,0.6533995325170701,0.8028271803276247,2.1908053604747595
-0.7793726873015594,-0.1756147070518467,0.798913206202376,-2.91996577165725
-0.7793726873015594,0.1756147070518467,0.798913206202376,2.91996577165725
-0.5520834739158178,0.5766896375767677,0.798352741749774,2.334398907960336
-0.5520834739158178,-0.5766896375767677,0.798352741749774,-2.334398907960336
-0.1124379325147355,0.790248577693804,0.7982074311952179,1.712129428638086
-0.1124379325147355,-0.790248577693804,0.7982074311952179,-1.712129428638086
0.42424127967317987,0.6752667904658539,0.7974747028494338,1.0098581232339952
0.42424127967317987,-0.6752667904658539,0.7974747028494338,-1.0098581232339952
-0.3577817670572751,0.7125127993371819,0.7972968594306223,2.0361551312160815
-0.3577817670572751,-0.7125127993371819,0.7972968594306223,-2.0361551312160815
-0.5040618281234108,-0.6174945323411806,0.7971059051608941,-2.2553985819447435
-0.5040618281234108,0.6174945323411806,0.7971059051608941,2.2553985819447435
0.5284146982450847,0.596198974738966,0.7966651183535264,0.8455987215987988
0.5284146982450847,-0.596198974738966,0.7966651183535264,-0.8455987215987988
0.2883135629822213,0.7420299588226715,0.7960735960888786,1.200201991274904
0.2883135629822213,-0.7420299588226715,0.7960735960888786,-1.200201991274904
-0.7641535882550843,-0.22093405201335678,0.7954511686974641,-2.860144780787086
-0.7641535882550843,0.22093405201335678,0.7954511686974641,2.860144780787086
-0.3117835981517883,-0.7286383180226018,0.7925419929361989,-1.9751198775804686
-0.3117835981517883,0.7286383180226018,0.7925419929361989,1.9751198775804686
0.7537694384133645,0.24454515245647465,0.7924460220582594,0.3137159474044484
0.7537694384133645,-0.24454515245647465,0.7924460220582594,-0.3137159474044484
-0.4055563694335247,-0.6804919586794823,0.792177552456228,-2.108251201257615
-0.4055563694335247,0.6804919586794823,0.792177552456228,2.108251201257615
0.592392845885813,-0.5229077995527357,0.7901657109048561,-0.7231769555951282
0.592392845885813,0.5229077995527357,0.7901657109048561,0.7231769555951282
-0.6640079110447279,-0.4278309123507918,0.7899023961812587,-2.569223608174142
-0.6640079110447279,0.4278309123507918,0.7899023961812587,2.569223608174142
-0.7889963684563281,-0.023127772760469713,0.7893352667340627,-3.1122881435215457
-0.7889963684563281,0.023127772760469713,0.7893352667340627,3.1122881435215457
0.784291415530267,0.08748332449352424,0.7891554704485734,0.11108521716180747
0.784291415530267,-0.08748332449352424,0.7891554704485734,-0.11108521716180747
-0.7321385463934665,-0.2892231788159198,0.7871955908664147,-2.7653704217280866
-0.7321385463934665,0.2892231788159198,0.7871955908664147,2.7653704217280866
-0.6124314341784773,-0.4945279565422488,0.7871659046044607,-2.462305547629544
-0.6124314341784773,0.4945279565422488,0.7871659046044607,2.462305547629544
0.5562414206326306,0.5552371274102897,0.7859343392944715,0.7844945985461089
0.5562414206326306,-0.5552371274102897,0.7859343392944715,-0.7844945985461089
0.6723388872433154,-0.4054672048808714,0.7851389899460388,-0.5426735694475513
0.6723388872433154,0.4054672048808714,0.7851389899460388,0.5426735694475513
0.09689418788356718,0.7786123633498931,0.7846181848561261,1.446988119012242
0.09689418788356718,-0.7786123633498931,0.7846181848561261,-1.446988119012242
0.2419778065011432,0.7456074755823174,0.783890149500133,1.2569825325733965
0.2419778065011432,-0.7456074755823174,0.783890149500133,-1.2569825325733965
0.46618338689178246,-0.6274613215429343,0.7816870603037375,-0.9318112137120604
0.46618338689178246,0.6274613215429343,0.7816870603037375,0.9318112137120604
-0.06302464023323327,0.7776343366734417,0.780184123684962,1.6516661970644926
-0.06302464023323327,-0.7776343366734417,0.780184123684962,-1.6516661970644926
0.7587598716867825,-0.17564387554700972,0.7788243151695484,-0.2274812554868363
0.7587598716867825,0.17564387554700972,0.7788243151695484,0.2274812554868363
-0.35374507648091746,0.6913874473962545,0.7766287282553991,2.043716644609291
-0.35374507648091746,-0.6913874473962545,0.7766287282553991,-2.043716644609291
-0.6237103698139594,-0.46064363105618483,0.7753755091864152,-2.505457483780434
-0.6237103698139594,0.46064363105618483,0.7753755091864152,2.505457483780434
0.3141118131910606,0.7014517729503146,0.7685706349850451,1.149771398166866
0.3141118131910606,-0.7014517729503146,0.7685706349850451,-1.149771398166866
-0.18056510177855428,-0.7464311535328026,0.7679604305852027,-1.8081413622090021
-0.18056510177855428,0.7464311535328026,0.7679604305852027,1.8081413622090021
0.05808952506352341,0.7635101652392795,0.7657167657468509,1.4948604301313704
0.05808952506352341,-0.7635101652392795,0.7657167657468509,-1.4948604301313704
0.7016432397948104,0.29654855264356555,0.7617376713966241,0.3998773295995331
0.7016432397948104,-0.29654855264356555,0.7617376713966241,-0.3998773295995331
-0.6591300574160213,-0.37957956693495754,0.7606136208508084,-2.6190975673447503
-0.6591300574160213,0.37957956693495754,0.7606136208508084,2.6190975673447503
0.3255009492409806,-0.6869680915914147,0.7601815749026871,-1.12830915035265
0.3255009492409806,0.6869680915914147,0.7601815749026871,1.12830915035265
0.4552156697426717,-0.607488874963956,0.7591205695963205,-0.9277177980325476
0.4552156697426717,0.607488874963956,0.7591205695963205,0.9277177980325476
0.7587405792760589,0.0,0.7587405792760589,0.0
-0.5093933883553177,0.559011252277497,0.75629042323235,2.3097867560586525
-0.5093933883553177,-0.559011252277497,0.75629042323235,-2.3097867560586525
-0.39311131019857415,0.6414423060163489,0.7523195691683229,2.1206146624946385
-0.39311131019857415,-0.6414423060163489,0.7523195691683229,-2.1206146624946385
-0.7359289160667518,-0.14836329867914191,0.750734998450279,-2.9426590685130476
-0.7359289160667518,0.14836329867914191,0.750734998450279,2.9426590685130476
0.16640141091230803,-0.7203014444058786,0.739272345192759,-1.3437628665803834
0.16640141091230803,0.7203014444058786,0.739272345192759,1.3437628665803834
-0.5336795509029137,-0.5048382147550401,0.7346260859301088,-2.3839589885689376
-0.5336795509029137,0.5048382147550401,0.7346260859301088,2.3839589885689376
-0.7273226627661431,-0.07620582301382613,0.7313040292754084,-3.0371977438033206
-0.7273226627661431,0.07620582301382613,0.7313040292754084,3.0371977438033206
-0.24771753141051744,0.6727725345435259,0.7169287681522065,1.9235955799421904
-0.24771753141051744,-0.6727725345435259,0.7169287681522065,-1.9235955799421904
-0.6964034118770388,0.09722496039191382,0.7031574539156858,3.0028791227518012
-0.6964034118770388,-0.09722496039191382,0.7031574539156858,-3.0028791227518012
-0.11306975527078506,0.6609920454935454,0.6705932103464338,1.7402171998460467
-0.11306975527078506,-0.6609920454935454,0.6705932103464338,-1.7402171998460467
-0.6704201259615294,0.0,0.6704201259615294,3.141592653589793
0.48450325296875885,0.37675674028182893,0.6137499845092451,0.660941407504275
0.48450325296875885,-0.37675674028182893,0.6137499845092451,-0.660941407504275
0.2589712771325665,-0.5328068411320316,0.5924096997321756,-1.1183700915960242
0.2589712771325665,0.5328068411320316,0.5924096997321756,1.1183700915960242
-0.503253690944389,0.07757960912214497,0.509198265119487,2.9886405928923327
-0.503253690944389,-0.07757960912214497,0.509198265119487,-2.9886405928923327
0.49655033947414967,0.0,0.49655033947414967,0.0
-0.01106009048824783,0.4212149160701753,0.4213600967362869,1.5970478893171993
-0.01106009048824783,-0.4212149160701753,0.4213600967362869,-1.5970478893171993
