episode_id,date,start,end,n_obs,length_hours
0,2025-01-01,2025-01-01 02:10:00+01:00,2025-01-01 04:25:00+01:00,28,2.3333333333333335
1,2025-01-01,2025-01-01 04:45:00+01:00,2025-01-01 23:55:00+01:00,231,19.25
2,2025-01-02,2025-01-02 00:00:00+01:00,2025-01-02 02:25:00+01:00,30,2.5
3,2025-01-02,2025-01-02 04:45:00+01:00,2025-01-02 23:55:00+01:00,231,19.25
4,2025-01-03,2025-01-03 00:00:00+01:00,2025-01-03 02:30:00+01:00,31,2.5833333333333335
5,2025-01-03,2025-01-03 04:45:00+01:00,2025-01-03 23:55:00+01:00,231,19.25
6,2025-01-04,2025-01-04 00:00:00+01:00,2025-01-04 03:25:00+01:00,42,3.5
7,2025-01-04,2025-01-04 04:45:00+01:00,2025-01-04 23:55:00+01:00,231,19.25
8,2025-01-05,2025-01-05 00:00:00+01:00,2025-01-05 03:25:00+01:00,42,3.5
9,2025-01-05,2025-01-05 04:45:00+01:00,2025-01-05 23:55:00+01:00,231,19.25
10,2025-01-06,2025-01-06 00:00:00+01:00,2025-01-06 02:25:00+01:00,30,2.5
11,2025-01-06,2025-01-06 04:50:00+01:00,2025-01-06 23:55:00+01:00,230,19.166666666666668
12,2025-01-07,2025-01-07 00:00:00+01:00,2025-01-07 02:20:00+01:00,29,2.4166666666666665
13,2025-01-07,2025-01-07 04:45:00+01:00,2025-01-07 23:55:00+01:00,231,19.25
14,2025-01-08,2025-01-08 04:50:00+01:00,2025-01-08 23:55:00+01:00,230,19.166666666666668
15,2025-01-09,2025-01-09 04:45:00+01:00,2025-01-09 23:55:00+01:00,231,19.25
16,2025-01-10,2025-01-10 00:00:00+01:00,2025-01-10 02:15:00+01:00,28,2.3333333333333335
17,2025-01-10,2025-01-10 04:50:00+01:00,2025-01-10 23:05:00+01:00,220,18.333333333333332
18,2025-01-13,2025-01-13 04:45:00+01:00,2025-01-13 13:55:00+01:00,111,9.25
19,2025-01-14,2025-01-14 06:05:00+01:00,2025-01-14 23:55:00+01:00,215,17.916666666666668
20,2025-01-15,2025-01-15 00:00:00+01:00,2025-01-15 02:40:00+01:00,33,2.75
21,2025-01-15,2025-01-15 04:45:00+01:00,2025-01-15 23:55:00+01:00,231,19.25
22,2025-01-16,2025-01-16 00:00:00+01:00,2025-01-16 02:15:00+01:00,28,2.3333333333333335
23,2025-01-16,2025-01-16 04:50:00+01:00,2025-01-16 23:55:00+01:00,230,19.166666666666668
24,2025-01-17,2025-01-17 00:00:00+01:00,2025-01-17 02:15:00+01:00,28,2.3333333333333335
25,2025-01-17,2025-01-17 04:45:00+01:00,2025-01-17 23:55:00+01:00,231,19.25
26,2025-01-18,2025-01-18 00:00:00+01:00,2025-01-18 03:25:00+01:00,42,3.5
27,2025-01-18,2025-01-18 04:55:00+01:00,2025-01-18 23:55:00+01:00,229,19.083333333333332
28,2025-01-19,2025-01-19 00:00:00+01:00,2025-01-19 03:25:00+01:00,42,3.5
29,2025-01-19,2025-01-19 05:35:00+01:00,2025-01-19 23:55:00+01:00,221,18.416666666666668
30,2025-01-20,2025-01-20 00:00:00+01:00,2025-01-20 02:25:00+01:00,30,2.5
31,2025-01-20,2025-01-20 04:45:00+01:00,2025-01-20 23:55:00+01:00,231,19.25
32,2025-01-21,2025-01-21 00:00:00+01:00,2025-01-21 02:15:00+01:00,28,2.3333333333333335
33,2025-01-21,2025-01-21 04:45:00+01:00,2025-01-21 23:55:00+01:00,231,19.25
34,2025-01-22,2025-01-22 00:00:00+01:00,2025-01-22 02:15:00+01:00,28,2.3333333333333335
35,2025-01-22,2025-01-22 04:50:00+01:00,2025-01-22 23:55:00+01:00,230,19.166666666666668
36,2025-01-23,2025-01-23 00:00:00+01:00,2025-01-23 02:15:00+01:00,28,2.3333333333333335
37,2025-01-23,2025-01-23 04:50:00+01:00,2025-01-23 23:55:00+01:00,230,19.166666666666668
38,2025-01-24,2025-01-24 00:00:00+01:00,2025-01-24 02:15:00+01:00,28,2.3333333333333335
39,2025-01-24,2025-01-24 04:45:00+01:00,2025-01-24 23:55:00+01:00,231,19.25
40,2025-01-25,2025-01-25 00:00:00+01:00,2025-01-25 03:25:00+01:00,42,3.5
41,2025-01-25,2025-01-25 04:45:00+01:00,2025-01-25 23:55:00+01:00,231,19.25
42,2025-01-26,2025-01-26 00:00:00+01:00,2025-01-26 03:25:00+01:00,42,3.5
43,2025-01-26,2025-01-26 04:50:00+01:00,2025-01-26 20:55:00+01:00,194,16.166666666666668
44,2025-01-27,2025-01-27 00:15:00+01:00,2025-01-27 02:25:00+01:00,27,2.25
45,2025-01-27,2025-01-27 04:45:00+01:00,2025-01-27 23:55:00+01:00,231,19.25
46,2025-01-28,2025-01-28 00:00:00+01:00,2025-01-28 02:15:00+01:00,28,2.3333333333333335
47,2025-01-28,2025-01-28 04:45:00+01:00,2025-01-28 23:55:00+01:00,231,19.25
48,2025-01-29,2025-01-29 00:00:00+01:00,2025-01-29 02:15:00+01:00,28,2.3333333333333335
49,2025-01-29,2025-01-29 04:45:00+01:00,2025-01-29 23:55:00+01:00,231,19.25
50,2025-01-30,2025-01-30 00:00:00+01:00,2025-01-30 02:15:00+01:00,28,2.3333333333333335
51,2025-01-30,2025-01-30 04:45:00+01:00,2025-01-30 23:55:00+01:00,231,19.25
52,2025-01-31,2025-01-31 00:00:00+01:00,2025-01-31 02:15:00+01:00,28,2.3333333333333335
53,2025-01-31,2025-01-31 11:05:00+01:00,2025-01-31 23:55:00+01:00,155,12.916666666666666
54,2025-02-01,2025-02-01 00:00:00+01:00,2025-02-01 03:25:00+01:00,42,3.5
55,2025-02-01,2025-02-01 04:45:00+01:00,2025-02-01 23:55:00+01:00,231,19.25
56,2025-02-02,2025-02-02 00:00:00+01:00,2025-02-02 03:25:00+01:00,42,3.5
57,2025-02-02,2025-02-02 04:45:00+01:00,2025-02-02 23:55:00+01:00,231,19.25
58,2025-02-03,2025-02-03 00:00:00+01:00,2025-02-03 02:25:00+01:00,30,2.5
59,2025-02-03,2025-02-03 04:45:00+01:00,2025-02-03 23:55:00+01:00,231,19.25
60,2025-02-04,2025-02-04 00:00:00+01:00,2025-02-04 02:15:00+01:00,28,2.3333333333333335
61,2025-02-04,2025-02-04 04:45:00+01:00,2025-02-04 23:55:00+01:00,231,19.25
62,2025-02-05,2025-02-05 00:00:00+01:00,2025-02-05 02:15:00+01:00,28,2.3333333333333335
63,2025-02-05,2025-02-05 04:45:00+01:00,2025-02-05 23:55:00+01:00,231,19.25
64,2025-02-06,2025-02-06 00:00:00+01:00,2025-02-06 02:15:00+01:00,28,2.3333333333333335
65,2025-02-06,2025-02-06 04:45:00+01:00,2025-02-06 23:55:00+01:00,231,19.25
66,2025-02-07,2025-02-07 00:00:00+01:00,2025-02-07 02:15:00+01:00,28,2.3333333333333335
67,2025-02-07,2025-02-07 04:45:00+01:00,2025-02-07 23:55:00+01:00,231,19.25
68,2025-02-08,2025-02-08 00:00:00+01:00,2025-02-08 03:25:00+01:00,42,3.5
69,2025-02-08,2025-02-08 04:45:00+01:00,2025-02-08 23:55:00+01:00,231,19.25
70,2025-02-09,2025-02-09 00:00:00+01:00,2025-02-09 03:25:00+01:00,42,3.5
71,2025-02-09,2025-02-09 04:50:00+01:00,2025-02-09 23:55:00+01:00,230,19.166666666666668
72,2025-02-10,2025-02-10 00:00:00+01:00,2025-02-10 02:25:00+01:00,30,2.5
73,2025-02-10,2025-02-10 04:45:00+01:00,2025-02-10 23:55:00+01:00,231,19.25
74,2025-02-11,2025-02-11 00:00:00+01:00,2025-02-11 02:15:00+01:00,28,2.3333333333333335
75,2025-02-11,2025-02-11 04:45:00+01:00,2025-02-11 23:55:00+01:00,231,19.25
76,2025-02-12,2025-02-12 00:00:00+01:00,2025-02-12 02:20:00+01:00,29,2.4166666666666665
77,2025-02-12,2025-02-12 04:45:00+01:00,2025-02-12 23:55:00+01:00,231,19.25
78,2025-02-13,2025-02-13 00:00:00+01:00,2025-02-13 02:20:00+01:00,29,2.4166666666666665
79,2025-02-13,2025-02-13 04:45:00+01:00,2025-02-13 23:55:00+01:00,231,19.25
80,2025-02-14,2025-02-14 00:00:00+01:00,2025-02-14 02:20:00+01:00,29,2.4166666666666665
81,2025-02-14,2025-02-14 04:45:00+01:00,2025-02-14 20:55:00+01:00,195,16.25
82,2025-02-14,2025-02-14 21:40:00+01:00,2025-02-14 23:55:00+01:00,28,2.3333333333333335
83,2025-02-15,2025-02-15 00:00:00+01:00,2025-02-15 03:25:00+01:00,42,3.5
84,2025-02-15,2025-02-15 04:45:00+01:00,2025-02-15 23:55:00+01:00,231,19.25
85,2025-02-16,2025-02-16 00:00:00+01:00,2025-02-16 03:25:00+01:00,42,3.5
86,2025-02-16,2025-02-16 04:50:00+01:00,2025-02-16 23:55:00+01:00,230,19.166666666666668
87,2025-02-17,2025-02-17 00:00:00+01:00,2025-02-17 02:40:00+01:00,33,2.75
88,2025-02-17,2025-02-17 04:45:00+01:00,2025-02-17 23:55:00+01:00,231,19.25
89,2025-02-18,2025-02-18 00:00:00+01:00,2025-02-18 02:15:00+01:00,28,2.3333333333333335
90,2025-02-18,2025-02-18 04:45:00+01:00,2025-02-18 23:55:00+01:00,231,19.25
91,2025-02-19,2025-02-19 00:00:00+01:00,2025-02-19 02:15:00+01:00,28,2.3333333333333335
92,2025-02-19,2025-02-19 04:45:00+01:00,2025-02-19 23:55:00+01:00,231,19.25
93,2025-02-20,2025-02-20 00:00:00+01:00,2025-02-20 02:15:00+01:00,28,2.3333333333333335
94,2025-02-20,2025-02-20 04:45:00+01:00,2025-02-20 23:25:00+01:00,225,18.75
95,2025-02-21,2025-02-21 00:00:00+01:00,2025-02-21 02:15:00+01:00,28,2.3333333333333335
96,2025-02-21,2025-02-21 04:45:00+01:00,2025-02-21 23:55:00+01:00,231,19.25
97,2025-02-22,2025-02-22 00:00:00+01:00,2025-02-22 03:35:00+01:00,44,3.6666666666666665
98,2025-02-22,2025-02-22 04:55:00+01:00,2025-02-22 23:55:00+01:00,229,19.083333333333332
99,2025-02-23,2025-02-23 00:00:00+01:00,2025-02-23 03:25:00+01:00,42,3.5
100,2025-02-23,2025-02-23 05:35:00+01:00,2025-02-23 23:55:00+01:00,221,18.416666666666668
101,2025-02-24,2025-02-24 00:00:00+01:00,2025-02-24 02:30:00+01:00,31,2.5833333333333335
102,2025-02-24,2025-02-24 04:45:00+01:00,2025-02-24 23:55:00+01:00,231,19.25
103,2025-02-25,2025-02-25 00:00:00+01:00,2025-02-25 03:15:00+01:00,40,3.3333333333333335
104,2025-02-25,2025-02-25 04:45:00+01:00,2025-02-25 23:55:00+01:00,231,19.25
105,2025-02-26,2025-02-26 00:00:00+01:00,2025-02-26 03:15:00+01:00,40,3.3333333333333335
106,2025-02-26,2025-02-26 04:45:00+01:00,2025-02-26 23:55:00+01:00,231,19.25
107,2025-02-27,2025-02-27 04:45:00+01:00,2025-02-27 23:55:00+01:00,231,19.25
108,2025-02-28,2025-02-28 00:00:00+01:00,2025-02-28 02:15:00+01:00,28,2.3333333333333335
109,2025-02-28,2025-02-28 04:45:00+01:00,2025-02-28 23:55:00+01:00,231,19.25
110,2025-03-01,2025-03-01 00:00:00+01:00,2025-03-01 03:30:00+01:00,43,3.5833333333333335
111,2025-03-01,2025-03-01 04:55:00+01:00,2025-03-01 23:55:00+01:00,229,19.083333333333332
112,2025-03-02,2025-03-02 00:00:00+01:00,2025-03-02 03:25:00+01:00,42,3.5
113,2025-03-02,2025-03-02 05:35:00+01:00,2025-03-02 23:55:00+01:00,221,18.416666666666668
114,2025-03-03,2025-03-03 00:00:00+01:00,2025-03-03 03:25:00+01:00,42,3.5
115,2025-03-03,2025-03-03 04:45:00+01:00,2025-03-03 23:55:00+01:00,231,19.25
116,2025-03-04,2025-03-04 00:00:00+01:00,2025-03-04 02:00:00+01:00,25,2.0833333333333335
117,2025-03-04,2025-03-04 04:45:00+01:00,2025-03-04 23:55:00+01:00,231,19.25
118,2025-03-05,2025-03-05 00:00:00+01:00,2025-03-05 02:15:00+01:00,28,2.3333333333333335
119,2025-03-05,2025-03-05 04:45:00+01:00,2025-03-05 23:55:00+01:00,231,19.25
120,2025-03-06,2025-03-06 00:00:00+01:00,2025-03-06 02:15:00+01:00,28,2.3333333333333335
121,2025-03-06,2025-03-06 04:45:00+01:00,2025-03-06 23:55:00+01:00,231,19.25
122,2025-03-07,2025-03-07 00:00:00+01:00,2025-03-07 02:15:00+01:00,28,2.3333333333333335
123,2025-03-07,2025-03-07 04:45:00+01:00,2025-03-07 23:55:00+01:00,231,19.25
124,2025-03-08,2025-03-08 00:00:00+01:00,2025-03-08 03:25:00+01:00,42,3.5
125,2025-03-08,2025-03-08 04:55:00+01:00,2025-03-08 23:55:00+01:00,229,19.083333333333332
126,2025-03-09,2025-03-09 00:00:00+01:00,2025-03-09 03:30:00+01:00,43,3.5833333333333335
127,2025-03-09,2025-03-09 05:35:00+01:00,2025-03-09 23:55:00+01:00,221,18.416666666666668
128,2025-03-10,2025-03-10 00:00:00+01:00,2025-03-10 02:25:00+01:00,30,2.5
129,2025-03-10,2025-03-10 04:45:00+01:00,2025-03-10 23:55:00+01:00,231,19.25
130,2025-03-11,2025-03-11 00:00:00+01:00,2025-03-11 02:15:00+01:00,28,2.3333333333333335
131,2025-03-11,2025-03-11 04:45:00+01:00,2025-03-11 23:55:00+01:00,231,19.25
132,2025-03-12,2025-03-12 00:00:00+01:00,2025-03-12 02:15:00+01:00,28,2.3333333333333335
133,2025-03-12,2025-03-12 04:45:00+01:00,2025-03-12 23:55:00+01:00,231,19.25
134,2025-03-13,2025-03-13 00:00:00+01:00,2025-03-13 02:15:00+01:00,28,2.3333333333333335
135,2025-03-13,2025-03-13 04:45:00+01:00,2025-03-13 23:55:00+01:00,231,19.25
136,2025-03-14,2025-03-14 00:00:00+01:00,2025-03-14 02:15:00+01:00,28,2.3333333333333335
137,2025-03-14,2025-03-14 04:50:00+01:00,2025-03-14 23:55:00+01:00,230,19.166666666666668
138,2025-03-15,2025-03-15 00:00:00+01:00,2025-03-15 03:25:00+01:00,42,3.5
139,2025-03-15,2025-03-15 05:15:00+01:00,2025-03-15 23:55:00+01:00,225,18.75
140,2025-03-16,2025-03-16 00:00:00+01:00,2025-03-16 03:25:00+01:00,42,3.5
141,2025-03-16,2025-03-16 05:20:00+01:00,2025-03-16 23:55:00+01:00,224,18.666666666666668
142,2025-03-17,2025-03-17 00:00:00+01:00,2025-03-17 02:30:00+01:00,31,2.5833333333333335
143,2025-03-17,2025-03-17 04:45:00+01:00,2025-03-17 23:55:00+01:00,231,19.25
144,2025-03-18,2025-03-18 00:00:00+01:00,2025-03-18 02:45:00+01:00,34,2.8333333333333335
145,2025-03-18,2025-03-18 04:45:00+01:00,2025-03-18 23:55:00+01:00,231,19.25
146,2025-03-19,2025-03-19 04:45:00+01:00,2025-03-19 17:55:00+01:00,159,13.25
147,2025-03-20,2025-03-20 06:05:00+01:00,2025-03-20 08:55:00+01:00,35,2.9166666666666665
148,2025-03-20,2025-03-20 09:10:00+01:00,2025-03-20 12:55:00+01:00,46,3.8333333333333335
149,2025-03-20,2025-03-20 14:05:00+01:00,2025-03-20 16:00:00+01:00,24,2.0
150,2025-03-21,2025-03-21 06:05:00+01:00,2025-03-21 23:55:00+01:00,215,17.916666666666668
151,2025-03-22,2025-03-22 00:00:00+01:00,2025-03-22 03:25:00+01:00,42,3.5
152,2025-03-22,2025-03-22 04:45:00+01:00,2025-03-22 23:55:00+01:00,231,19.25
153,2025-03-23,2025-03-23 00:00:00+01:00,2025-03-23 03:25:00+01:00,42,3.5
154,2025-03-23,2025-03-23 04:50:00+01:00,2025-03-23 23:55:00+01:00,230,19.166666666666668
155,2025-03-24,2025-03-24 00:00:00+01:00,2025-03-24 02:25:00+01:00,30,2.5
156,2025-03-24,2025-03-24 04:45:00+01:00,2025-03-24 23:55:00+01:00,231,19.25
157,2025-03-25,2025-03-25 00:00:00+01:00,2025-03-25 02:20:00+01:00,29,2.4166666666666665
158,2025-03-25,2025-03-25 04:45:00+01:00,2025-03-25 23:55:00+01:00,231,19.25
159,2025-03-26,2025-03-26 00:00:00+01:00,2025-03-26 02:20:00+01:00,29,2.4166666666666665
160,2025-03-26,2025-03-26 06:05:00+01:00,2025-03-26 23:55:00+01:00,215,17.916666666666668
161,2025-03-27,2025-03-27 00:00:00+01:00,2025-03-27 02:20:00+01:00,29,2.4166666666666665
162,2025-03-27,2025-03-27 04:45:00+01:00,2025-03-27 21:55:00+01:00,207,17.25
163,2025-03-28,2025-03-28 00:00:00+01:00,2025-03-28 02:15:00+01:00,28,2.3333333333333335
164,2025-03-28,2025-03-28 04:45:00+01:00,2025-03-28 23:55:00+01:00,231,19.25
165,2025-03-29,2025-03-29 00:00:00+01:00,2025-03-29 03:25:00+01:00,42,3.5
166,2025-03-29,2025-03-29 04:45:00+01:00,2025-03-29 23:55:00+01:00,231,19.25
167,2025-03-30,2025-03-30 00:00:00+01:00,2025-03-30 03:25:00+02:00,30,2.5
168,2025-03-30,2025-03-30 04:45:00+02:00,2025-03-30 13:05:00+02:00,101,8.416666666666666
169,2025-03-30,2025-03-30 15:10:00+02:00,2025-03-30 23:55:00+02:00,106,8.833333333333334
170,2025-03-31,2025-03-31 00:00:00+02:00,2025-03-31 02:25:00+02:00,30,2.5
171,2025-03-31,2025-03-31 04:45:00+02:00,2025-03-31 23:55:00+02:00,231,19.25
172,2025-04-01,2025-04-01 00:00:00+02:00,2025-04-01 02:30:00+02:00,31,2.5833333333333335
173,2025-04-01,2025-04-01 08:10:00+02:00,2025-04-01 23:55:00+02:00,190,15.833333333333334
174,2025-04-02,2025-04-02 00:00:00+02:00,2025-04-02 02:35:00+02:00,32,2.6666666666666665
175,2025-04-02,2025-04-02 04:45:00+02:00,2025-04-02 23:55:00+02:00,231,19.25
176,2025-04-03,2025-04-03 00:00:00+02:00,2025-04-03 02:35:00+02:00,32,2.6666666666666665
177,2025-04-03,2025-04-03 04:45:00+02:00,2025-04-03 23:55:00+02:00,231,19.25
178,2025-04-04,2025-04-04 00:00:00+02:00,2025-04-04 02:35:00+02:00,32,2.6666666666666665
179,2025-04-04,2025-04-04 04:45:00+02:00,2025-04-04 23:55:00+02:00,231,19.25
180,2025-04-05,2025-04-05 00:35:00+02:00,2025-04-05 03:35:00+02:00,37,3.0833333333333335
181,2025-04-05,2025-04-05 04:45:00+02:00,2025-04-05 09:55:00+02:00,63,5.25
182,2025-04-05,2025-04-05 10:05:00+02:00,2025-04-05 17:55:00+02:00,95,7.916666666666667
183,2025-04-05,2025-04-05 18:05:00+02:00,2025-04-05 21:55:00+02:00,47,3.9166666666666665
184,2025-04-06,2025-04-06 00:00:00+02:00,2025-04-06 03:40:00+02:00,45,3.75
185,2025-04-06,2025-04-06 04:50:00+02:00,2025-04-06 13:55:00+02:00,110,9.166666666666666
186,2025-04-06,2025-04-06 16:05:00+02:00,2025-04-06 23:55:00+02:00,95,7.916666666666667
187,2025-04-07,2025-04-07 00:00:00+02:00,2025-04-07 02:15:00+02:00,28,2.3333333333333335
188,2025-04-07,2025-04-07 05:05:00+02:00,2025-04-07 22:55:00+02:00,215,17.916666666666668
189,2025-04-08,2025-04-08 00:00:00+02:00,2025-04-08 02:25:00+02:00,30,2.5
190,2025-04-08,2025-04-08 04:45:00+02:00,2025-04-08 23:55:00+02:00,231,19.25
191,2025-04-09,2025-04-09 04:45:00+02:00,2025-04-09 14:55:00+02:00,123,10.25
192,2025-04-10,2025-04-10 10:05:00+02:00,2025-04-10 23:55:00+02:00,167,13.916666666666666
193,2025-04-11,2025-04-11 00:00:00+02:00,2025-04-11 02:25:00+02:00,30,2.5
194,2025-04-11,2025-04-11 04:45:00+02:00,2025-04-11 23:55:00+02:00,231,19.25
195,2025-04-12,2025-04-12 00:00:00+02:00,2025-04-12 03:25:00+02:00,42,3.5
196,2025-04-12,2025-04-12 04:45:00+02:00,2025-04-12 14:55:00+02:00,123,10.25
197,2025-04-12,2025-04-12 17:00:00+02:00,2025-04-12 23:55:00+02:00,84,7.0
198,2025-04-13,2025-04-13 00:00:00+02:00,2025-04-13 03:25:00+02:00,42,3.5
199,2025-04-13,2025-04-13 04:50:00+02:00,2025-04-13 23:55:00+02:00,230,19.166666666666668
200,2025-04-14,2025-04-14 00:00:00+02:00,2025-04-14 02:30:00+02:00,31,2.5833333333333335
201,2025-04-14,2025-04-14 04:45:00+02:00,2025-04-14 09:00:00+02:00,52,4.333333333333333
202,2025-04-14,2025-04-14 10:00:00+02:00,2025-04-14 23:55:00+02:00,168,14.0
203,2025-04-15,2025-04-15 04:45:00+02:00,2025-04-15 23:55:00+02:00,231,19.25
204,2025-04-16,2025-04-16 04:45:00+02:00,2025-04-16 23:55:00+02:00,231,19.25
205,2025-04-17,2025-04-17 00:00:00+02:00,2025-04-17 02:15:00+02:00,28,2.3333333333333335
206,2025-04-17,2025-04-17 04:45:00+02:00,2025-04-17 23:55:00+02:00,231,19.25
207,2025-04-18,2025-04-18 04:45:00+02:00,2025-04-18 06:50:00+02:00,26,2.1666666666666665
208,2025-04-18,2025-04-18 07:05:00+02:00,2025-04-18 12:55:00+02:00,71,5.916666666666667
209,2025-04-18,2025-04-18 15:05:00+02:00,2025-04-18 23:30:00+02:00,102,8.5
210,2025-04-22,2025-04-22 04:50:00+02:00,2025-04-22 23:55:00+02:00,230,19.166666666666668
211,2025-04-23,2025-04-23 04:45:00+02:00,2025-04-23 10:00:00+02:00,64,5.333333333333333
212,2025-04-23,2025-04-23 11:00:00+02:00,2025-04-23 23:55:00+02:00,156,13.0
213,2025-04-24,2025-04-24 05:00:00+02:00,2025-04-24 23:55:00+02:00,228,19.0
214,2025-04-25,2025-04-25 00:00:00+02:00,2025-04-25 02:15:00+02:00,28,2.3333333333333335
215,2025-04-25,2025-04-25 04:45:00+02:00,2025-04-25 23:55:00+02:00,231,19.25
216,2025-04-26,2025-04-26 01:05:00+02:00,2025-04-26 03:25:00+02:00,29,2.4166666666666665
217,2025-04-26,2025-04-26 04:45:00+02:00,2025-04-26 06:45:00+02:00,25,2.0833333333333335
218,2025-04-26,2025-04-26 08:00:00+02:00,2025-04-26 10:55:00+02:00,36,3.0
219,2025-04-26,2025-04-26 13:00:00+02:00,2025-04-26 23:55:00+02:00,132,11.0
220,2025-04-27,2025-04-27 00:00:00+02:00,2025-04-27 03:25:00+02:00,42,3.5
221,2025-04-27,2025-04-27 05:05:00+02:00,2025-04-27 23:55:00+02:00,227,18.916666666666668
222,2025-04-28,2025-04-28 00:00:00+02:00,2025-04-28 02:25:00+02:00,30,2.5
223,2025-04-28,2025-04-28 04:45:00+02:00,2025-04-28 23:55:00+02:00,231,19.25
224,2025-04-29,2025-04-29 00:00:00+02:00,2025-04-29 02:20:00+02:00,29,2.4166666666666665
225,2025-04-29,2025-04-29 04:45:00+02:00,2025-04-29 06:55:00+02:00,27,2.25
226,2025-04-29,2025-04-29 08:00:00+02:00,2025-04-29 09:55:00+02:00,24,2.0
227,2025-04-29,2025-04-29 10:05:00+02:00,2025-04-29 15:55:00+02:00,71,5.916666666666667
228,2025-04-29,2025-04-29 16:55:00+02:00,2025-04-29 23:55:00+02:00,85,7.083333333333333
229,2025-04-30,2025-04-30 00:00:00+02:00,2025-04-30 02:20:00+02:00,29,2.4166666666666665
230,2025-04-30,2025-04-30 04:45:00+02:00,2025-04-30 15:55:00+02:00,135,11.25
231,2025-04-30,2025-04-30 16:05:00+02:00,2025-04-30 23:55:00+02:00,95,7.916666666666667
232,2025-05-01,2025-05-01 00:00:00+02:00,2025-05-01 03:20:00+02:00,41,3.4166666666666665
233,2025-05-01,2025-05-01 04:50:00+02:00,2025-05-01 14:55:00+02:00,122,10.166666666666666
234,2025-05-01,2025-05-01 15:05:00+02:00,2025-05-01 18:55:00+02:00,47,3.9166666666666665
235,2025-05-01,2025-05-01 19:05:00+02:00,2025-05-01 23:55:00+02:00,59,4.916666666666667
236,2025-05-02,2025-05-02 00:00:00+02:00,2025-05-02 02:15:00+02:00,28,2.3333333333333335
237,2025-05-02,2025-05-02 04:45:00+02:00,2025-05-02 22:55:00+02:00,219,18.25
238,2025-05-03,2025-05-03 01:10:00+02:00,2025-05-03 03:25:00+02:00,28,2.3333333333333335
239,2025-05-03,2025-05-03 04:45:00+02:00,2025-05-03 23:55:00+02:00,231,19.25
240,2025-05-04,2025-05-04 00:00:00+02:00,2025-05-04 03:15:00+02:00,40,3.3333333333333335
241,2025-05-04,2025-05-04 04:50:00+02:00,2025-05-04 23:55:00+02:00,230,19.166666666666668
242,2025-05-05,2025-05-05 00:00:00+02:00,2025-05-05 02:30:00+02:00,31,2.5833333333333335
243,2025-05-05,2025-05-05 04:45:00+02:00,2025-05-05 13:55:00+02:00,111,9.25
244,2025-05-05,2025-05-05 15:05:00+02:00,2025-05-05 19:55:00+02:00,59,4.916666666666667
245,2025-05-05,2025-05-05 20:05:00+02:00,2025-05-05 23:55:00+02:00,47,3.9166666666666665
246,2025-05-06,2025-05-06 00:05:00+02:00,2025-05-06 02:20:00+02:00,28,2.3333333333333335
247,2025-05-06,2025-05-06 04:45:00+02:00,2025-05-06 10:00:00+02:00,64,5.333333333333333
248,2025-05-06,2025-05-06 11:00:00+02:00,2025-05-06 23:55:00+02:00,156,13.0
249,2025-05-07,2025-05-07 00:00:00+02:00,2025-05-07 02:20:00+02:00,29,2.4166666666666665
250,2025-05-07,2025-05-07 04:45:00+02:00,2025-05-07 23:55:00+02:00,231,19.25
251,2025-05-08,2025-05-08 00:00:00+02:00,2025-05-08 02:15:00+02:00,28,2.3333333333333335
252,2025-05-08,2025-05-08 04:45:00+02:00,2025-05-08 23:55:00+02:00,231,19.25
253,2025-05-09,2025-05-09 04:45:00+02:00,2025-05-09 19:00:00+02:00,172,14.333333333333334
254,2025-05-09,2025-05-09 20:00:00+02:00,2025-05-09 23:20:00+02:00,41,3.4166666666666665
255,2025-05-12,2025-05-12 06:05:00+02:00,2025-05-12 19:55:00+02:00,167,13.916666666666666
256,2025-05-12,2025-05-12 20:05:00+02:00,2025-05-12 23:55:00+02:00,47,3.9166666666666665
257,2025-05-13,2025-05-13 00:00:00+02:00,2025-05-13 02:25:00+02:00,30,2.5
258,2025-05-13,2025-05-13 06:00:00+02:00,2025-05-13 11:55:00+02:00,72,6.0
259,2025-05-13,2025-05-13 16:00:00+02:00,2025-05-13 23:55:00+02:00,96,8.0
260,2025-05-14,2025-05-14 00:00:00+02:00,2025-05-14 02:25:00+02:00,30,2.5
261,2025-05-14,2025-05-14 04:45:00+02:00,2025-05-14 23:55:00+02:00,231,19.25
262,2025-05-15,2025-05-15 00:00:00+02:00,2025-05-15 02:25:00+02:00,30,2.5
263,2025-05-15,2025-05-15 04:45:00+02:00,2025-05-15 23:55:00+02:00,231,19.25
264,2025-05-16,2025-05-16 00:00:00+02:00,2025-05-16 02:15:00+02:00,28,2.3333333333333335
265,2025-05-16,2025-05-16 04:45:00+02:00,2025-05-16 23:55:00+02:00,231,19.25
266,2025-05-17,2025-05-17 00:00:00+02:00,2025-05-17 03:25:00+02:00,42,3.5
267,2025-05-17,2025-05-17 04:45:00+02:00,2025-05-17 23:55:00+02:00,231,19.25
268,2025-05-18,2025-05-18 04:50:00+02:00,2025-05-18 12:45:00+02:00,96,8.0
269,2025-05-18,2025-05-18 15:25:00+02:00,2025-05-18 23:00:00+02:00,92,7.666666666666667
270,2025-05-19,2025-05-19 04:50:00+02:00,2025-05-19 11:00:00+02:00,75,6.25
271,2025-05-19,2025-05-19 12:00:00+02:00,2025-05-19 23:25:00+02:00,138,11.5
272,2025-05-20,2025-05-20 04:45:00+02:00,2025-05-20 23:55:00+02:00,231,19.25
273,2025-05-21,2025-05-21 00:00:00+02:00,2025-05-21 02:30:00+02:00,31,2.5833333333333335
274,2025-05-21,2025-05-21 04:45:00+02:00,2025-05-21 08:00:00+02:00,40,3.3333333333333335
275,2025-05-21,2025-05-21 09:00:00+02:00,2025-05-21 12:55:00+02:00,48,4.0
276,2025-05-21,2025-05-21 13:05:00+02:00,2025-05-21 23:55:00+02:00,131,10.916666666666666
277,2025-05-22,2025-05-22 00:00:00+02:00,2025-05-22 02:15:00+02:00,28,2.3333333333333335
278,2025-05-22,2025-05-22 06:00:00+02:00,2025-05-22 09:05:00+02:00,38,3.1666666666666665
279,2025-05-22,2025-05-22 13:00:00+02:00,2025-05-22 23:55:00+02:00,132,11.0
280,2025-05-23,2025-05-23 00:00:00+02:00,2025-05-23 02:15:00+02:00,28,2.3333333333333335
281,2025-05-23,2025-05-23 04:45:00+02:00,2025-05-23 15:55:00+02:00,135,11.25
282,2025-05-23,2025-05-23 17:00:00+02:00,2025-05-23 23:55:00+02:00,84,7.0
283,2025-05-24,2025-05-24 00:00:00+02:00,2025-05-24 03:25:00+02:00,42,3.5
284,2025-05-24,2025-05-24 04:45:00+02:00,2025-05-24 23:55:00+02:00,231,19.25
285,2025-05-25,2025-05-25 00:00:00+02:00,2025-05-25 03:40:00+02:00,45,3.75
286,2025-05-25,2025-05-25 04:50:00+02:00,2025-05-25 23:55:00+02:00,230,19.166666666666668
287,2025-05-26,2025-05-26 00:00:00+02:00,2025-05-26 02:15:00+02:00,28,2.3333333333333335
288,2025-05-26,2025-05-26 04:45:00+02:00,2025-05-26 23:55:00+02:00,231,19.25
289,2025-05-27,2025-05-27 04:45:00+02:00,2025-05-27 07:00:00+02:00,28,2.3333333333333335
290,2025-05-27,2025-05-27 08:00:00+02:00,2025-05-27 12:55:00+02:00,60,5.0
291,2025-05-27,2025-05-27 17:00:00+02:00,2025-05-27 19:55:00+02:00,36,3.0
292,2025-05-27,2025-05-27 20:05:00+02:00,2025-05-27 23:55:00+02:00,47,3.9166666666666665
293,2025-05-28,2025-05-28 04:45:00+02:00,2025-05-28 23:25:00+02:00,225,18.75
294,2025-05-29,2025-05-29 05:00:00+02:00,2025-05-29 11:55:00+02:00,84,7.0
295,2025-05-29,2025-05-29 13:00:00+02:00,2025-05-29 23:55:00+02:00,132,11.0
296,2025-05-30,2025-05-30 05:00:00+02:00,2025-05-30 16:55:00+02:00,144,12.0
297,2025-05-30,2025-05-30 18:00:00+02:00,2025-05-30 23:55:00+02:00,72,6.0
298,2025-05-31,2025-05-31 00:00:00+02:00,2025-05-31 03:25:00+02:00,42,3.5
299,2025-05-31,2025-05-31 04:45:00+02:00,2025-05-31 12:00:00+02:00,88,7.333333333333333
300,2025-05-31,2025-05-31 13:05:00+02:00,2025-05-31 15:05:00+02:00,25,2.0833333333333335
301,2025-05-31,2025-05-31 18:10:00+02:00,2025-05-31 21:00:00+02:00,35,2.9166666666666665
302,2025-06-01,2025-06-01 00:00:00+02:00,2025-06-01 02:30:00+02:00,31,2.5833333333333335
303,2025-06-01,2025-06-01 08:00:00+02:00,2025-06-01 14:00:00+02:00,73,6.083333333333333
304,2025-06-01,2025-06-01 15:00:00+02:00,2025-06-01 20:55:00+02:00,72,6.0
305,2025-06-02,2025-06-02 04:45:00+02:00,2025-06-02 23:30:00+02:00,226,18.833333333333332
306,2025-06-03,2025-06-03 04:50:00+02:00,2025-06-03 23:25:00+02:00,224,18.666666666666668
307,2025-06-04,2025-06-04 04:50:00+02:00,2025-06-04 10:00:00+02:00,63,5.25
308,2025-06-04,2025-06-04 12:00:00+02:00,2025-06-04 23:25:00+02:00,138,11.5
309,2025-06-05,2025-06-05 04:50:00+02:00,2025-06-05 23:55:00+02:00,230,19.166666666666668
310,2025-06-06,2025-06-06 00:00:00+02:00,2025-06-06 02:30:00+02:00,31,2.5833333333333335
311,2025-06-06,2025-06-06 04:50:00+02:00,2025-06-06 08:05:00+02:00,40,3.3333333333333335
312,2025-06-06,2025-06-06 11:00:00+02:00,2025-06-06 23:15:00+02:00,148,12.333333333333334
313,2025-06-13,2025-06-13 04:45:00+02:00,2025-06-13 23:55:00+02:00,231,19.25
314,2025-06-14,2025-06-14 04:55:00+02:00,2025-06-14 13:55:00+02:00,109,9.083333333333334
315,2025-06-14,2025-06-14 16:05:00+02:00,2025-06-14 23:55:00+02:00,95,7.916666666666667
316,2025-06-15,2025-06-15 00:00:00+02:00,2025-06-15 03:20:00+02:00,41,3.4166666666666665
317,2025-06-15,2025-06-15 06:05:00+02:00,2025-06-15 23:55:00+02:00,215,17.916666666666668
318,2025-06-16,2025-06-16 00:00:00+02:00,2025-06-16 02:05:00+02:00,26,2.1666666666666665
319,2025-06-16,2025-06-16 04:45:00+02:00,2025-06-16 23:55:00+02:00,231,19.25
320,2025-06-17,2025-06-17 00:00:00+02:00,2025-06-17 02:25:00+02:00,30,2.5
321,2025-06-17,2025-06-17 05:00:00+02:00,2025-06-17 22:55:00+02:00,216,18.0
322,2025-06-18,2025-06-18 00:10:00+02:00,2025-06-18 02:25:00+02:00,28,2.3333333333333335
323,2025-06-18,2025-06-18 04:50:00+02:00,2025-06-18 12:55:00+02:00,98,8.166666666666666
324,2025-06-18,2025-06-18 15:00:00+02:00,2025-06-18 23:55:00+02:00,108,9.0
325,2025-06-19,2025-06-19 00:00:00+02:00,2025-06-19 03:35:00+02:00,44,3.6666666666666665
326,2025-06-19,2025-06-19 04:45:00+02:00,2025-06-19 18:55:00+02:00,171,14.25
327,2025-06-19,2025-06-19 19:05:00+02:00,2025-06-19 23:55:00+02:00,59,4.916666666666667
328,2025-06-20,2025-06-20 00:00:00+02:00,2025-06-20 02:15:00+02:00,28,2.3333333333333335
329,2025-06-20,2025-06-20 04:45:00+02:00,2025-06-20 23:55:00+02:00,231,19.25
330,2025-06-21,2025-06-21 00:00:00+02:00,2025-06-21 03:20:00+02:00,41,3.4166666666666665
331,2025-06-21,2025-06-21 04:45:00+02:00,2025-06-21 23:55:00+02:00,231,19.25
332,2025-06-22,2025-06-22 01:05:00+02:00,2025-06-22 03:20:00+02:00,28,2.3333333333333335
333,2025-06-22,2025-06-22 05:05:00+02:00,2025-06-22 23:55:00+02:00,227,18.916666666666668
334,2025-06-23,2025-06-23 00:00:00+02:00,2025-06-23 02:25:00+02:00,30,2.5
335,2025-06-23,2025-06-23 04:50:00+02:00,2025-06-23 23:30:00+02:00,225,18.75
336,2025-06-24,2025-06-24 04:55:00+02:00,2025-06-24 11:10:00+02:00,76,6.333333333333333
337,2025-06-24,2025-06-24 11:20:00+02:00,2025-06-24 23:20:00+02:00,145,12.083333333333334
338,2025-06-25,2025-06-25 04:45:00+02:00,2025-06-25 23:20:00+02:00,224,18.666666666666668
339,2025-06-26,2025-06-26 04:50:00+02:00,2025-06-26 14:55:00+02:00,122,10.166666666666666
340,2025-06-26,2025-06-26 16:20:00+02:00,2025-06-26 23:55:00+02:00,92,7.666666666666667
341,2025-06-27,2025-06-27 09:05:00+02:00,2025-06-27 23:55:00+02:00,179,14.916666666666666
342,2025-06-28,2025-06-28 00:00:00+02:00,2025-06-28 02:45:00+02:00,34,2.8333333333333335
343,2025-06-28,2025-06-28 05:05:00+02:00,2025-06-28 23:55:00+02:00,227,18.916666666666668
344,2025-06-29,2025-06-29 00:00:00+02:00,2025-06-29 02:40:00+02:00,33,2.75
345,2025-06-29,2025-06-29 04:50:00+02:00,2025-06-29 23:55:00+02:00,230,19.166666666666668
346,2025-06-30,2025-06-30 00:00:00+02:00,2025-06-30 02:50:00+02:00,35,2.9166666666666665
347,2025-06-30,2025-06-30 04:50:00+02:00,2025-06-30 06:55:00+02:00,26,2.1666666666666665
348,2025-06-30,2025-06-30 07:05:00+02:00,2025-06-30 23:30:00+02:00,198,16.5
349,2025-07-01,2025-07-01 04:50:00+02:00,2025-07-01 15:55:00+02:00,134,11.166666666666666
350,2025-07-01,2025-07-01 16:10:00+02:00,2025-07-01 23:35:00+02:00,90,7.5
351,2025-07-02,2025-07-02 04:50:00+02:00,2025-07-02 10:55:00+02:00,74,6.166666666666667
352,2025-07-02,2025-07-02 11:05:00+02:00,2025-07-02 23:25:00+02:00,149,12.416666666666666
353,2025-07-03,2025-07-03 06:00:00+02:00,2025-07-03 08:55:00+02:00,36,3.0
354,2025-07-03,2025-07-03 09:10:00+02:00,2025-07-03 23:25:00+02:00,172,14.333333333333334
355,2025-07-04,2025-07-04 04:50:00+02:00,2025-07-04 23:55:00+02:00,230,19.166666666666668
356,2025-07-05,2025-07-05 00:00:00+02:00,2025-07-05 02:40:00+02:00,33,2.75
357,2025-07-05,2025-07-05 04:45:00+02:00,2025-07-05 07:55:00+02:00,39,3.25
358,2025-07-05,2025-07-05 11:00:00+02:00,2025-07-05 12:55:00+02:00,24,2.0
359,2025-07-05,2025-07-05 13:05:00+02:00,2025-07-05 18:00:00+02:00,60,5.0
360,2025-07-05,2025-07-05 19:00:00+02:00,2025-07-05 23:00:00+02:00,49,4.083333333333333
361,2025-07-06,2025-07-06 04:50:00+02:00,2025-07-06 22:55:00+02:00,218,18.166666666666668
362,2025-07-07,2025-07-07 00:00:00+02:00,2025-07-07 02:30:00+02:00,31,2.5833333333333335
363,2025-07-07,2025-07-07 04:45:00+02:00,2025-07-07 22:00:00+02:00,208,17.333333333333332
364,2025-07-08,2025-07-08 06:00:00+02:00,2025-07-08 23:55:00+02:00,216,18.0
365,2025-07-09,2025-07-09 04:50:00+02:00,2025-07-09 23:00:00+02:00,219,18.25
366,2025-07-10,2025-07-10 06:05:00+02:00,2025-07-10 23:55:00+02:00,215,17.916666666666668
367,2025-07-11,2025-07-11 04:45:00+02:00,2025-07-11 07:00:00+02:00,28,2.3333333333333335
368,2025-07-11,2025-07-11 08:00:00+02:00,2025-07-11 23:55:00+02:00,192,16.0
369,2025-07-12,2025-07-12 06:00:00+02:00,2025-07-12 11:00:00+02:00,61,5.083333333333333
370,2025-07-12,2025-07-12 12:00:00+02:00,2025-07-12 23:55:00+02:00,144,12.0
371,2025-07-13,2025-07-13 00:10:00+02:00,2025-07-13 02:20:00+02:00,27,2.25
372,2025-07-13,2025-07-13 06:15:00+02:00,2025-07-13 16:55:00+02:00,129,10.75
373,2025-07-13,2025-07-13 19:05:00+02:00,2025-07-13 22:55:00+02:00,47,3.9166666666666665
374,2025-07-14,2025-07-14 00:00:00+02:00,2025-07-14 02:20:00+02:00,29,2.4166666666666665
375,2025-07-14,2025-07-14 07:00:00+02:00,2025-07-14 23:55:00+02:00,204,17.0
376,2025-07-15,2025-07-15 00:00:00+02:00,2025-07-15 02:30:00+02:00,31,2.5833333333333335
377,2025-07-15,2025-07-15 07:00:00+02:00,2025-07-15 17:00:00+02:00,121,10.083333333333334
378,2025-07-15,2025-07-15 18:05:00+02:00,2025-07-15 23:55:00+02:00,71,5.916666666666667
379,2025-07-16,2025-07-16 00:00:00+02:00,2025-07-16 02:30:00+02:00,31,2.5833333333333335
380,2025-07-16,2025-07-16 04:45:00+02:00,2025-07-16 23:55:00+02:00,231,19.25
381,2025-07-17,2025-07-17 00:00:00+02:00,2025-07-17 02:35:00+02:00,32,2.6666666666666665
382,2025-07-17,2025-07-17 06:05:00+02:00,2025-07-17 23:55:00+02:00,215,17.916666666666668
383,2025-07-18,2025-07-18 00:00:00+02:00,2025-07-18 02:45:00+02:00,34,2.8333333333333335
384,2025-07-18,2025-07-18 07:05:00+02:00,2025-07-18 23:55:00+02:00,203,16.916666666666668
385,2025-07-19,2025-07-19 00:00:00+02:00,2025-07-19 02:40:00+02:00,33,2.75
386,2025-07-19,2025-07-19 04:45:00+02:00,2025-07-19 17:55:00+02:00,159,13.25
387,2025-07-19,2025-07-19 18:05:00+02:00,2025-07-19 23:55:00+02:00,71,5.916666666666667
388,2025-07-20,2025-07-20 00:00:00+02:00,2025-07-20 03:25:00+02:00,42,3.5
389,2025-07-20,2025-07-20 04:50:00+02:00,2025-07-20 23:55:00+02:00,230,19.166666666666668
390,2025-07-21,2025-07-21 06:05:00+02:00,2025-07-21 23:00:00+02:00,204,17.0
391,2025-07-22,2025-07-22 04:45:00+02:00,2025-07-22 23:55:00+02:00,231,19.25
392,2025-07-23,2025-07-23 00:00:00+02:00,2025-07-23 02:40:00+02:00,33,2.75
393,2025-07-23,2025-07-23 06:00:00+02:00,2025-07-23 09:05:00+02:00,38,3.1666666666666665
394,2025-07-23,2025-07-23 13:05:00+02:00,2025-07-23 23:55:00+02:00,131,10.916666666666666
395,2025-07-24,2025-07-24 00:00:00+02:00,2025-07-24 02:25:00+02:00,30,2.5
396,2025-07-24,2025-07-24 05:00:00+02:00,2025-07-24 23:55:00+02:00,228,19.0
397,2025-07-25,2025-07-25 00:00:00+02:00,2025-07-25 02:00:00+02:00,25,2.0833333333333335
398,2025-07-25,2025-07-25 04:45:00+02:00,2025-07-25 23:55:00+02:00,231,19.25
399,2025-07-26,2025-07-26 00:00:00+02:00,2025-07-26 02:45:00+02:00,34,2.8333333333333335
400,2025-07-26,2025-07-26 05:05:00+02:00,2025-07-26 07:55:00+02:00,35,2.9166666666666665
401,2025-07-26,2025-07-26 09:00:00+02:00,2025-07-26 14:55:00+02:00,72,6.0
402,2025-07-26,2025-07-26 15:05:00+02:00,2025-07-26 23:55:00+02:00,107,8.916666666666666
403,2025-07-27,2025-07-27 00:00:00+02:00,2025-07-27 03:35:00+02:00,44,3.6666666666666665
404,2025-07-27,2025-07-27 05:05:00+02:00,2025-07-27 16:55:00+02:00,143,11.916666666666666
405,2025-07-27,2025-07-27 17:15:00+02:00,2025-07-27 21:00:00+02:00,46,3.8333333333333335
406,2025-07-28,2025-07-28 00:00:00+02:00,2025-07-28 02:30:00+02:00,31,2.5833333333333335
407,2025-07-28,2025-07-28 04:45:00+02:00,2025-07-28 23:55:00+02:00,231,19.25
408,2025-07-29,2025-07-29 00:00:00+02:00,2025-07-29 02:40:00+02:00,33,2.75
409,2025-07-29,2025-07-29 04:45:00+02:00,2025-07-29 10:00:00+02:00,64,5.333333333333333
410,2025-07-29,2025-07-29 11:05:00+02:00,2025-07-29 23:55:00+02:00,155,12.916666666666666
411,2025-07-30,2025-07-30 00:00:00+02:00,2025-07-30 03:20:00+02:00,41,3.4166666666666665
412,2025-07-30,2025-07-30 06:00:00+02:00,2025-07-30 23:55:00+02:00,216,18.0
413,2025-07-31,2025-07-31 00:00:00+02:00,2025-07-31 01:55:00+02:00,24,2.0
414,2025-07-31,2025-07-31 04:45:00+02:00,2025-07-31 23:55:00+02:00,231,19.25
415,2025-08-01,2025-08-01 00:00:00+02:00,2025-08-01 03:15:00+02:00,40,3.3333333333333335
416,2025-08-01,2025-08-01 06:00:00+02:00,2025-08-01 17:00:00+02:00,133,11.083333333333334
417,2025-08-01,2025-08-01 18:05:00+02:00,2025-08-01 22:10:00+02:00,50,4.166666666666667
418,2025-08-02,2025-08-02 05:00:00+02:00,2025-08-02 06:55:00+02:00,24,2.0
419,2025-08-02,2025-08-02 08:00:00+02:00,2025-08-02 14:55:00+02:00,84,7.0
420,2025-08-02,2025-08-02 15:05:00+02:00,2025-08-02 23:55:00+02:00,107,8.916666666666666
421,2025-08-03,2025-08-03 00:00:00+02:00,2025-08-03 02:40:00+02:00,33,2.75
422,2025-08-03,2025-08-03 04:50:00+02:00,2025-08-03 23:55:00+02:00,230,19.166666666666668
423,2025-08-04,2025-08-04 00:00:00+02:00,2025-08-04 02:25:00+02:00,30,2.5
424,2025-08-04,2025-08-04 04:45:00+02:00,2025-08-04 13:55:00+02:00,111,9.25
425,2025-08-04,2025-08-04 16:05:00+02:00,2025-08-04 23:55:00+02:00,95,7.916666666666667
426,2025-08-05,2025-08-05 00:00:00+02:00,2025-08-05 02:25:00+02:00,30,2.5
427,2025-08-05,2025-08-05 06:00:00+02:00,2025-08-05 13:00:00+02:00,85,7.083333333333333
428,2025-08-05,2025-08-05 15:05:00+02:00,2025-08-05 18:00:00+02:00,36,3.0
429,2025-08-05,2025-08-05 18:15:00+02:00,2025-08-05 23:05:00+02:00,59,4.916666666666667
430,2025-08-06,2025-08-06 05:05:00+02:00,2025-08-06 10:00:00+02:00,60,5.0
431,2025-08-06,2025-08-06 11:05:00+02:00,2025-08-06 13:00:00+02:00,24,2.0
432,2025-08-06,2025-08-06 19:05:00+02:00,2025-08-06 21:00:00+02:00,24,2.0
433,2025-08-07,2025-08-07 00:00:00+02:00,2025-08-07 02:25:00+02:00,30,2.5
434,2025-08-07,2025-08-07 10:05:00+02:00,2025-08-07 21:10:00+02:00,134,11.166666666666666
435,2025-08-08,2025-08-08 00:00:00+02:00,2025-08-08 02:25:00+02:00,30,2.5
436,2025-08-08,2025-08-08 04:45:00+02:00,2025-08-08 19:00:00+02:00,172,14.333333333333334
437,2025-08-08,2025-08-08 21:05:00+02:00,2025-08-08 23:55:00+02:00,35,2.9166666666666665
438,2025-08-09,2025-08-09 04:50:00+02:00,2025-08-09 08:55:00+02:00,50,4.166666666666667
439,2025-08-09,2025-08-09 12:05:00+02:00,2025-08-09 23:55:00+02:00,143,11.916666666666666
440,2025-08-10,2025-08-10 00:00:00+02:00,2025-08-10 03:30:00+02:00,43,3.5833333333333335
441,2025-08-10,2025-08-10 07:00:00+02:00,2025-08-10 19:55:00+02:00,156,13.0
442,2025-08-10,2025-08-10 20:05:00+02:00,2025-08-10 23:55:00+02:00,47,3.9166666666666665
443,2025-08-11,2025-08-11 00:00:00+02:00,2025-08-11 02:30:00+02:00,31,2.5833333333333335
444,2025-08-11,2025-08-11 04:45:00+02:00,2025-08-11 17:00:00+02:00,148,12.333333333333334
445,2025-08-11,2025-08-11 17:10:00+02:00,2025-08-11 23:55:00+02:00,82,6.833333333333333
446,2025-08-12,2025-08-12 00:00:00+02:00,2025-08-12 03:15:00+02:00,40,3.3333333333333335
447,2025-08-12,2025-08-12 06:05:00+02:00,2025-08-12 14:00:00+02:00,96,8.0
448,2025-08-12,2025-08-12 15:00:00+02:00,2025-08-12 22:00:00+02:00,85,7.083333333333333
449,2025-08-13,2025-08-13 00:00:00+02:00,2025-08-13 03:15:00+02:00,40,3.3333333333333335
450,2025-08-13,2025-08-13 06:00:00+02:00,2025-08-13 23:55:00+02:00,216,18.0
451,2025-08-14,2025-08-14 00:00:00+02:00,2025-08-14 02:30:00+02:00,31,2.5833333333333335
452,2025-08-14,2025-08-14 06:00:00+02:00,2025-08-14 18:00:00+02:00,145,12.083333333333334
453,2025-08-14,2025-08-14 21:05:00+02:00,2025-08-14 23:55:00+02:00,35,2.9166666666666665
454,2025-08-15,2025-08-15 00:00:00+02:00,2025-08-15 03:25:00+02:00,42,3.5
455,2025-08-15,2025-08-15 04:50:00+02:00,2025-08-15 14:55:00+02:00,122,10.166666666666666
456,2025-08-15,2025-08-15 16:00:00+02:00,2025-08-15 23:00:00+02:00,85,7.083333333333333
457,2025-08-16,2025-08-16 04:45:00+02:00,2025-08-16 23:55:00+02:00,231,19.25
458,2025-08-17,2025-08-17 00:00:00+02:00,2025-08-17 03:30:00+02:00,43,3.5833333333333335
459,2025-08-17,2025-08-17 05:00:00+02:00,2025-08-17 23:55:00+02:00,228,19.0
460,2025-08-18,2025-08-18 04:45:00+02:00,2025-08-18 17:55:00+02:00,159,13.25
461,2025-08-18,2025-08-18 19:00:00+02:00,2025-08-18 23:40:00+02:00,57,4.75
462,2025-08-19,2025-08-19 05:05:00+02:00,2025-08-19 08:55:00+02:00,47,3.9166666666666665
463,2025-08-19,2025-08-19 09:05:00+02:00,2025-08-19 23:55:00+02:00,179,14.916666666666666
464,2025-08-20,2025-08-20 06:05:00+02:00,2025-08-20 17:55:00+02:00,143,11.916666666666666
465,2025-08-20,2025-08-20 20:10:00+02:00,2025-08-20 23:55:00+02:00,46,3.8333333333333335
466,2025-08-21,2025-08-21 00:00:00+02:00,2025-08-21 02:25:00+02:00,30,2.5
467,2025-08-21,2025-08-21 04:45:00+02:00,2025-08-21 23:55:00+02:00,231,19.25
468,2025-08-22,2025-08-22 00:00:00+02:00,2025-08-22 02:30:00+02:00,31,2.5833333333333335
469,2025-08-22,2025-08-22 04:45:00+02:00,2025-08-22 23:55:00+02:00,231,19.25
470,2025-08-23,2025-08-23 00:00:00+02:00,2025-08-23 03:25:00+02:00,42,3.5
471,2025-08-23,2025-08-23 04:45:00+02:00,2025-08-23 06:55:00+02:00,27,2.25
472,2025-08-23,2025-08-23 07:05:00+02:00,2025-08-23 13:55:00+02:00,83,6.916666666666667
473,2025-08-23,2025-08-23 15:05:00+02:00,2025-08-23 23:55:00+02:00,107,8.916666666666666
474,2025-08-24,2025-08-24 01:05:00+02:00,2025-08-24 03:30:00+02:00,30,2.5
475,2025-08-24,2025-08-24 04:50:00+02:00,2025-08-24 23:55:00+02:00,230,19.166666666666668
476,2025-08-25,2025-08-25 00:00:00+02:00,2025-08-25 02:20:00+02:00,29,2.4166666666666665
477,2025-08-25,2025-08-25 10:10:00+02:00,2025-08-25 22:50:00+02:00,153,12.75
478,2025-08-26,2025-08-26 06:00:00+02:00,2025-08-26 11:55:00+02:00,72,6.0
479,2025-08-26,2025-08-26 12:05:00+02:00,2025-08-26 21:00:00+02:00,108,9.0
480,2025-08-26,2025-08-26 22:00:00+02:00,2025-08-26 23:55:00+02:00,24,2.0
481,2025-08-27,2025-08-27 05:00:00+02:00,2025-08-27 23:55:00+02:00,228,19.0
482,2025-08-28,2025-08-28 00:00:00+02:00,2025-08-28 02:25:00+02:00,30,2.5
483,2025-08-28,2025-08-28 04:45:00+02:00,2025-08-28 23:55:00+02:00,231,19.25
484,2025-08-29,2025-08-29 00:00:00+02:00,2025-08-29 02:25:00+02:00,30,2.5
485,2025-08-29,2025-08-29 04:45:00+02:00,2025-08-29 23:55:00+02:00,231,19.25
486,2025-08-30,2025-08-30 00:00:00+02:00,2025-08-30 03:25:00+02:00,42,3.5
487,2025-08-30,2025-08-30 06:00:00+02:00,2025-08-30 23:55:00+02:00,216,18.0
488,2025-08-31,2025-08-31 00:00:00+02:00,2025-08-31 03:20:00+02:00,41,3.4166666666666665
489,2025-08-31,2025-08-31 05:20:00+02:00,2025-08-31 23:55:00+02:00,224,18.666666666666668
490,2025-09-01,2025-09-01 00:00:00+02:00,2025-09-01 02:20:00+02:00,29,2.4166666666666665
491,2025-09-01,2025-09-01 04:45:00+02:00,2025-09-01 23:25:00+02:00,225,18.75
492,2025-09-02,2025-09-02 04:45:00+02:00,2025-09-02 23:25:00+02:00,225,18.75
493,2025-09-03,2025-09-03 04:45:00+02:00,2025-09-03 23:55:00+02:00,231,19.25
494,2025-09-04,2025-09-04 00:00:00+02:00,2025-09-04 02:25:00+02:00,30,2.5
495,2025-09-04,2025-09-04 04:45:00+02:00,2025-09-04 23:55:00+02:00,231,19.25
496,2025-09-05,2025-09-05 00:00:00+02:00,2025-09-05 02:25:00+02:00,30,2.5
497,2025-09-05,2025-09-05 04:45:00+02:00,2025-09-05 23:55:00+02:00,231,19.25
498,2025-09-06,2025-09-06 00:00:00+02:00,2025-09-06 03:25:00+02:00,42,3.5
499,2025-09-06,2025-09-06 04:45:00+02:00,2025-09-06 23:55:00+02:00,231,19.25
500,2025-09-07,2025-09-07 00:00:00+02:00,2025-09-07 03:30:00+02:00,43,3.5833333333333335
501,2025-09-07,2025-09-07 04:45:00+02:00,2025-09-07 23:55:00+02:00,231,19.25
502,2025-09-08,2025-09-08 00:00:00+02:00,2025-09-08 02:25:00+02:00,30,2.5
503,2025-09-08,2025-09-08 04:45:00+02:00,2025-09-08 23:55:00+02:00,231,19.25
504,2025-09-09,2025-09-09 00:00:00+02:00,2025-09-09 02:15:00+02:00,28,2.3333333333333335
505,2025-09-09,2025-09-09 04:45:00+02:00,2025-09-09 23:25:00+02:00,225,18.75
506,2025-09-10,2025-09-10 04:45:00+02:00,2025-09-10 23:25:00+02:00,225,18.75
507,2025-09-11,2025-09-11 04:45:00+02:00,2025-09-11 23:25:00+02:00,225,18.75
508,2025-09-12,2025-09-12 04:45:00+02:00,2025-09-12 23:55:00+02:00,231,19.25
509,2025-09-13,2025-09-13 00:00:00+02:00,2025-09-13 03:55:00+02:00,48,4.0
510,2025-09-13,2025-09-13 04:45:00+02:00,2025-09-13 23:55:00+02:00,231,19.25
511,2025-09-14,2025-09-14 00:00:00+02:00,2025-09-14 03:55:00+02:00,48,4.0
512,2025-09-14,2025-09-14 04:45:00+02:00,2025-09-14 23:55:00+02:00,231,19.25
513,2025-09-15,2025-09-15 00:00:00+02:00,2025-09-15 03:15:00+02:00,40,3.3333333333333335
514,2025-09-15,2025-09-15 04:45:00+02:00,2025-09-15 23:25:00+02:00,225,18.75
515,2025-09-16,2025-09-16 04:45:00+02:00,2025-09-16 23:25:00+02:00,225,18.75
516,2025-09-17,2025-09-17 04:45:00+02:00,2025-09-17 23:25:00+02:00,225,18.75
517,2025-09-18,2025-09-18 04:45:00+02:00,2025-09-18 23:55:00+02:00,231,19.25
518,2025-09-19,2025-09-19 00:00:00+02:00,2025-09-19 02:25:00+02:00,30,2.5
519,2025-09-19,2025-09-19 04:45:00+02:00,2025-09-19 23:55:00+02:00,231,19.25
520,2025-09-20,2025-09-20 00:00:00+02:00,2025-09-20 03:25:00+02:00,42,3.5
521,2025-09-20,2025-09-20 04:45:00+02:00,2025-09-20 23:55:00+02:00,231,19.25
522,2025-09-21,2025-09-21 00:00:00+02:00,2025-09-21 03:25:00+02:00,42,3.5
523,2025-09-21,2025-09-21 04:45:00+02:00,2025-09-21 23:55:00+02:00,231,19.25
524,2025-09-22,2025-09-22 00:00:00+02:00,2025-09-22 02:25:00+02:00,30,2.5
525,2025-09-22,2025-09-22 04:45:00+02:00,2025-09-22 23:55:00+02:00,231,19.25
526,2025-09-23,2025-09-23 00:00:00+02:00,2025-09-23 02:25:00+02:00,30,2.5
527,2025-09-23,2025-09-23 04:45:00+02:00,2025-09-23 23:55:00+02:00,231,19.25
528,2025-09-24,2025-09-24 00:00:00+02:00,2025-09-24 02:25:00+02:00,30,2.5
529,2025-09-24,2025-09-24 04:45:00+02:00,2025-09-24 23:55:00+02:00,231,19.25
530,2025-09-25,2025-09-25 00:00:00+02:00,2025-09-25 02:25:00+02:00,30,2.5
531,2025-09-25,2025-09-25 04:45:00+02:00,2025-09-25 23:55:00+02:00,231,19.25
532,2025-09-26,2025-09-26 00:00:00+02:00,2025-09-26 02:25:00+02:00,30,2.5
533,2025-09-26,2025-09-26 04:45:00+02:00,2025-09-26 23:55:00+02:00,231,19.25
534,2025-09-27,2025-09-27 00:00:00+02:00,2025-09-27 03:25:00+02:00,42,3.5
535,2025-09-27,2025-09-27 07:05:00+02:00,2025-09-27 23:55:00+02:00,203,16.916666666666668
536,2025-09-28,2025-09-28 00:00:00+02:00,2025-09-28 03:25:00+02:00,42,3.5
537,2025-09-28,2025-09-28 04:45:00+02:00,2025-09-28 23:55:00+02:00,231,19.25
538,2025-09-29,2025-09-29 00:00:00+02:00,2025-09-29 02:25:00+02:00,30,2.5
539,2025-09-29,2025-09-29 04:45:00+02:00,2025-09-29 23:55:00+02:00,231,19.25
540,2025-09-30,2025-09-30 00:00:00+02:00,2025-09-30 02:30:00+02:00,31,2.5833333333333335
541,2025-09-30,2025-09-30 04:45:00+02:00,2025-09-30 23:55:00+02:00,231,19.25
542,2025-10-01,2025-10-01 00:00:00+02:00,2025-10-01 02:30:00+02:00,31,2.5833333333333335
543,2025-10-01,2025-10-01 04:45:00+02:00,2025-10-01 23:55:00+02:00,231,19.25
544,2025-10-02,2025-10-02 00:00:00+02:00,2025-10-02 02:25:00+02:00,30,2.5
545,2025-10-02,2025-10-02 04:45:00+02:00,2025-10-02 23:55:00+02:00,231,19.25
546,2025-10-03,2025-10-03 00:00:00+02:00,2025-10-03 03:30:00+02:00,43,3.5833333333333335
547,2025-10-03,2025-10-03 04:45:00+02:00,2025-10-03 23:55:00+02:00,231,19.25
548,2025-10-04,2025-10-04 00:00:00+02:00,2025-10-04 03:25:00+02:00,42,3.5
549,2025-10-04,2025-10-04 04:45:00+02:00,2025-10-04 23:55:00+02:00,231,19.25
550,2025-10-05,2025-10-05 00:00:00+02:00,2025-10-05 03:25:00+02:00,42,3.5
551,2025-10-05,2025-10-05 04:50:00+02:00,2025-10-05 23:55:00+02:00,230,19.166666666666668
552,2025-10-06,2025-10-06 00:00:00+02:00,2025-10-06 02:25:00+02:00,30,2.5
553,2025-10-06,2025-10-06 04:50:00+02:00,2025-10-06 23:35:00+02:00,226,18.833333333333332
554,2025-10-07,2025-10-07 04:50:00+02:00,2025-10-07 23:25:00+02:00,224,18.666666666666668
555,2025-10-08,2025-10-08 04:50:00+02:00,2025-10-08 23:25:00+02:00,224,18.666666666666668
556,2025-10-09,2025-10-09 04:50:00+02:00,2025-10-09 23:25:00+02:00,224,18.666666666666668
557,2025-10-10,2025-10-10 04:50:00+02:00,2025-10-10 23:55:00+02:00,230,19.166666666666668
558,2025-10-11,2025-10-11 00:00:00+02:00,2025-10-11 03:20:00+02:00,41,3.4166666666666665
559,2025-10-11,2025-10-11 04:50:00+02:00,2025-10-11 23:55:00+02:00,230,19.166666666666668
560,2025-10-12,2025-10-12 00:00:00+02:00,2025-10-12 03:20:00+02:00,41,3.4166666666666665
561,2025-10-12,2025-10-12 04:50:00+02:00,2025-10-12 23:55:00+02:00,230,19.166666666666668
562,2025-10-13,2025-10-13 00:00:00+02:00,2025-10-13 02:20:00+02:00,29,2.4166666666666665
563,2025-10-13,2025-10-13 04:45:00+02:00,2025-10-13 23:30:00+02:00,226,18.833333333333332
564,2025-10-14,2025-10-14 04:50:00+02:00,2025-10-14 23:25:00+02:00,224,18.666666666666668
565,2025-10-15,2025-10-15 04:50:00+02:00,2025-10-15 23:30:00+02:00,225,18.75
566,2025-10-16,2025-10-16 04:50:00+02:00,2025-10-16 23:25:00+02:00,224,18.666666666666668
567,2025-10-17,2025-10-17 04:50:00+02:00,2025-10-17 23:30:00+02:00,225,18.75
568,2025-10-20,2025-10-20 05:15:00+02:00,2025-10-20 23:30:00+02:00,220,18.333333333333332
569,2025-10-21,2025-10-21 04:50:00+02:00,2025-10-21 23:25:00+02:00,224,18.666666666666668
570,2025-10-22,2025-10-22 04:50:00+02:00,2025-10-22 23:25:00+02:00,224,18.666666666666668
571,2025-10-23,2025-10-23 04:50:00+02:00,2025-10-23 23:25:00+02:00,224,18.666666666666668
572,2025-10-24,2025-10-24 04:50:00+02:00,2025-10-24 23:55:00+02:00,230,19.166666666666668
573,2025-10-25,2025-10-25 00:00:00+02:00,2025-10-25 03:20:00+02:00,41,3.4166666666666665
574,2025-10-25,2025-10-25 04:55:00+02:00,2025-10-25 23:55:00+02:00,229,19.083333333333332
575,2025-10-26,2025-10-26 00:00:00+02:00,2025-10-26 02:20:00+02:00,29,2.4166666666666665
576,2025-10-26,2025-10-26 04:50:00+01:00,2025-10-26 23:55:00+01:00,230,19.166666666666668
577,2025-10-27,2025-10-27 00:00:00+01:00,2025-10-27 02:25:00+01:00,30,2.5
578,2025-10-27,2025-10-27 04:45:00+01:00,2025-10-27 23:40:00+01:00,228,19.0
579,2025-10-28,2025-10-28 04:50:00+01:00,2025-10-28 23:25:00+01:00,224,18.666666666666668
580,2025-10-29,2025-10-29 04:50:00+01:00,2025-10-29 23:30:00+01:00,225,18.75
581,2025-10-30,2025-10-30 04:50:00+01:00,2025-10-30 23:35:00+01:00,226,18.833333333333332
582,2025-10-31,2025-10-31 04:50:00+01:00,2025-10-31 23:30:00+01:00,225,18.75
583,2025-11-10,2025-11-10 04:50:00+01:00,2025-11-10 23:55:00+01:00,230,19.166666666666668
584,2025-11-11,2025-11-11 00:00:00+01:00,2025-11-11 02:15:00+01:00,28,2.3333333333333335
585,2025-11-11,2025-11-11 04:45:00+01:00,2025-11-11 23:55:00+01:00,231,19.25
586,2025-11-12,2025-11-12 00:00:00+01:00,2025-11-12 03:00:00+01:00,37,3.0833333333333335
587,2025-11-12,2025-11-12 04:45:00+01:00,2025-11-12 23:55:00+01:00,231,19.25
588,2025-11-13,2025-11-13 00:00:00+01:00,2025-11-13 02:30:00+01:00,31,2.5833333333333335
589,2025-11-13,2025-11-13 04:50:00+01:00,2025-11-13 23:55:00+01:00,230,19.166666666666668
590,2025-11-14,2025-11-14 00:00:00+01:00,2025-11-14 02:30:00+01:00,31,2.5833333333333335
591,2025-11-14,2025-11-14 04:45:00+01:00,2025-11-14 23:55:00+01:00,231,19.25
592,2025-11-15,2025-11-15 00:00:00+01:00,2025-11-15 03:20:00+01:00,41,3.4166666666666665
593,2025-11-15,2025-11-15 04:55:00+01:00,2025-11-15 23:55:00+01:00,229,19.083333333333332
594,2025-11-16,2025-11-16 00:00:00+01:00,2025-11-16 02:15:00+01:00,28,2.3333333333333335
595,2025-11-16,2025-11-16 05:35:00+01:00,2025-11-16 23:55:00+01:00,221,18.416666666666668
596,2025-11-17,2025-11-17 00:00:00+01:00,2025-11-17 02:15:00+01:00,28,2.3333333333333335
597,2025-11-17,2025-11-17 04:50:00+01:00,2025-11-17 23:55:00+01:00,230,19.166666666666668
598,2025-11-18,2025-11-18 00:00:00+01:00,2025-11-18 02:25:00+01:00,30,2.5
599,2025-11-18,2025-11-18 04:50:00+01:00,2025-11-18 23:55:00+01:00,230,19.166666666666668
600,2025-11-19,2025-11-19 00:00:00+01:00,2025-11-19 02:35:00+01:00,32,2.6666666666666665
601,2025-11-19,2025-11-19 04:50:00+01:00,2025-11-19 23:55:00+01:00,230,19.166666666666668
602,2025-11-20,2025-11-20 00:00:00+01:00,2025-11-20 03:05:00+01:00,38,3.1666666666666665
603,2025-11-20,2025-11-20 04:50:00+01:00,2025-11-20 23:55:00+01:00,230,19.166666666666668
604,2025-11-21,2025-11-21 00:00:00+01:00,2025-11-21 02:45:00+01:00,34,2.8333333333333335
605,2025-11-21,2025-11-21 04:45:00+01:00,2025-11-21 23:55:00+01:00,231,19.25
606,2025-11-22,2025-11-22 00:00:00+01:00,2025-11-22 03:25:00+01:00,42,3.5
607,2025-11-22,2025-11-22 04:45:00+01:00,2025-11-22 23:55:00+01:00,231,19.25
608,2025-11-23,2025-11-23 00:00:00+01:00,2025-11-23 03:30:00+01:00,43,3.5833333333333335
609,2025-11-23,2025-11-23 04:50:00+01:00,2025-11-23 23:55:00+01:00,230,19.166666666666668
610,2025-11-24,2025-11-24 05:05:00+01:00,2025-11-24 23:55:00+01:00,227,18.916666666666668
611,2025-11-25,2025-11-25 00:00:00+01:00,2025-11-25 02:25:00+01:00,30,2.5
612,2025-11-25,2025-11-25 04:45:00+01:00,2025-11-25 23:55:00+01:00,231,19.25
613,2025-11-26,2025-11-26 00:00:00+01:00,2025-11-26 02:25:00+01:00,30,2.5
614,2025-11-26,2025-11-26 04:45:00+01:00,2025-11-26 23:55:00+01:00,231,19.25
615,2025-11-27,2025-11-27 00:00:00+01:00,2025-11-27 02:25:00+01:00,30,2.5
616,2025-11-27,2025-11-27 04:45:00+01:00,2025-11-27 23:55:00+01:00,231,19.25
617,2025-11-28,2025-11-28 00:00:00+01:00,2025-11-28 02:25:00+01:00,30,2.5
618,2025-11-28,2025-11-28 04:45:00+01:00,2025-11-28 23:55:00+01:00,231,19.25
619,2025-11-29,2025-11-29 00:00:00+01:00,2025-11-29 03:30:00+01:00,43,3.5833333333333335
620,2025-11-29,2025-11-29 04:45:00+01:00,2025-11-29 23:55:00+01:00,231,19.25
621,2025-11-30,2025-11-30 00:00:00+01:00,2025-11-30 03:15:00+01:00,40,3.3333333333333335
622,2025-11-30,2025-11-30 05:40:00+01:00,2025-11-30 14:45:00+01:00,110,9.166666666666666
623,2025-11-30,2025-11-30 16:15:00+01:00,2025-11-30 23:55:00+01:00,93,7.75
624,2025-12-01,2025-12-01 00:00:00+01:00,2025-12-01 02:35:00+01:00,32,2.6666666666666665
625,2025-12-01,2025-12-01 04:45:00+01:00,2025-12-01 23:55:00+01:00,231,19.25
626,2025-12-02,2025-12-02 00:00:00+01:00,2025-12-02 02:40:00+01:00,33,2.75
627,2025-12-02,2025-12-02 04:45:00+01:00,2025-12-02 23:55:00+01:00,231,19.25
628,2025-12-03,2025-12-03 00:00:00+01:00,2025-12-03 02:45:00+01:00,34,2.8333333333333335
629,2025-12-03,2025-12-03 04:45:00+01:00,2025-12-03 23:55:00+01:00,231,19.25
630,2025-12-04,2025-12-04 00:00:00+01:00,2025-12-04 02:45:00+01:00,34,2.8333333333333335
631,2025-12-04,2025-12-04 04:45:00+01:00,2025-12-04 23:55:00+01:00,231,19.25
632,2025-12-05,2025-12-05 00:00:00+01:00,2025-12-05 02:45:00+01:00,34,2.8333333333333335
633,2025-12-05,2025-12-05 04:45:00+01:00,2025-12-05 23:55:00+01:00,231,19.25
634,2025-12-06,2025-12-06 00:00:00+01:00,2025-12-06 03:30:00+01:00,43,3.5833333333333335
635,2025-12-06,2025-12-06 04:45:00+01:00,2025-12-06 23:55:00+01:00,231,19.25
636,2025-12-07,2025-12-07 00:00:00+01:00,2025-12-07 03:15:00+01:00,40,3.3333333333333335
637,2025-12-07,2025-12-07 05:40:00+01:00,2025-12-07 23:55:00+01:00,220,18.333333333333332
638,2025-12-08,2025-12-08 00:00:00+01:00,2025-12-08 02:15:00+01:00,28,2.3333333333333335
639,2025-12-08,2025-12-08 04:45:00+01:00,2025-12-08 23:55:00+01:00,231,19.25
640,2025-12-09,2025-12-09 00:00:00+01:00,2025-12-09 02:25:00+01:00,30,2.5
641,2025-12-09,2025-12-09 04:45:00+01:00,2025-12-09 23:55:00+01:00,231,19.25
642,2025-12-10,2025-12-10 00:00:00+01:00,2025-12-10 02:20:00+01:00,29,2.4166666666666665
643,2025-12-10,2025-12-10 04:45:00+01:00,2025-12-10 23:55:00+01:00,231,19.25
644,2025-12-11,2025-12-11 00:00:00+01:00,2025-12-11 02:25:00+01:00,30,2.5
645,2025-12-11,2025-12-11 04:45:00+01:00,2025-12-11 23:55:00+01:00,231,19.25
646,2025-12-12,2025-12-12 00:00:00+01:00,2025-12-12 02:25:00+01:00,30,2.5
647,2025-12-12,2025-12-12 04:50:00+01:00,2025-12-12 23:55:00+01:00,230,19.166666666666668
648,2025-12-13,2025-12-13 00:00:00+01:00,2025-12-13 03:35:00+01:00,44,3.6666666666666665
649,2025-12-13,2025-12-13 04:45:00+01:00,2025-12-13 23:55:00+01:00,231,19.25
650,2025-12-14,2025-12-14 00:00:00+01:00,2025-12-14 03:35:00+01:00,44,3.6666666666666665
651,2025-12-14,2025-12-14 04:50:00+01:00,2025-12-14 23:55:00+01:00,230,19.166666666666668
652,2025-12-15,2025-12-15 00:00:00+01:00,2025-12-15 02:25:00+01:00,30,2.5
653,2025-12-15,2025-12-15 04:50:00+01:00,2025-12-15 23:55:00+01:00,230,19.166666666666668
654,2025-12-16,2025-12-16 00:00:00+01:00,2025-12-16 02:25:00+01:00,30,2.5
655,2025-12-16,2025-12-16 04:50:00+01:00,2025-12-16 23:55:00+01:00,230,19.166666666666668
656,2025-12-17,2025-12-17 00:00:00+01:00,2025-12-17 02:25:00+01:00,30,2.5
657,2025-12-17,2025-12-17 04:45:00+01:00,2025-12-17 23:55:00+01:00,231,19.25
658,2025-12-18,2025-12-18 00:00:00+01:00,2025-12-18 02:25:00+01:00,30,2.5
659,2025-12-18,2025-12-18 04:45:00+01:00,2025-12-18 23:55:00+01:00,231,19.25
660,2025-12-19,2025-12-19 00:00:00+01:00,2025-12-19 02:30:00+01:00,31,2.5833333333333335
661,2025-12-19,2025-12-19 04:50:00+01:00,2025-12-19 23:55:00+01:00,230,19.166666666666668
662,2025-12-20,2025-12-20 00:00:00+01:00,2025-12-20 03:35:00+01:00,44,3.6666666666666665
663,2025-12-20,2025-12-20 04:45:00+01:00,2025-12-20 23:55:00+01:00,231,19.25
664,2025-12-21,2025-12-21 00:00:00+01:00,2025-12-21 03:25:00+01:00,42,3.5
665,2025-12-21,2025-12-21 04:50:00+01:00,2025-12-21 23:55:00+01:00,230,19.166666666666668
666,2025-12-22,2025-12-22 00:00:00+01:00,2025-12-22 02:30:00+01:00,31,2.5833333333333335
667,2025-12-22,2025-12-22 04:50:00+01:00,2025-12-22 23:55:00+01:00,230,19.166666666666668
668,2025-12-23,2025-12-23 00:00:00+01:00,2025-12-23 02:30:00+01:00,31,2.5833333333333335
669,2025-12-23,2025-12-23 04:45:00+01:00,2025-12-23 23:55:00+01:00,231,19.25
670,2025-12-24,2025-12-24 00:00:00+01:00,2025-12-24 02:25:00+01:00,30,2.5
671,2025-12-24,2025-12-24 04:50:00+01:00,2025-12-24 23:55:00+01:00,230,19.166666666666668
672,2025-12-25,2025-12-25 00:00:00+01:00,2025-12-25 03:25:00+01:00,42,3.5
673,2025-12-25,2025-12-25 04:50:00+01:00,2025-12-25 23:55:00+01:00,230,19.166666666666668
674,2025-12-26,2025-12-26 00:00:00+01:00,2025-12-26 03:40:00+01:00,45,3.75
675,2025-12-26,2025-12-26 04:50:00+01:00,2025-12-26 23:55:00+01:00,230,19.166666666666668
676,2025-12-27,2025-12-27 00:00:00+01:00,2025-12-27 03:25:00+01:00,42,3.5
677,2025-12-27,2025-12-27 04:45:00+01:00,2025-12-27 23:55:00+01:00,231,19.25
678,2025-12-28,2025-12-28 00:00:00+01:00,2025-12-28 03:25:00+01:00,42,3.5
679,2025-12-28,2025-12-28 04:50:00+01:00,2025-12-28 23:55:00+01:00,230,19.166666666666668
680,2025-12-29,2025-12-29 00:00:00+01:00,2025-12-29 02:25:00+01:00,30,2.5
681,2025-12-29,2025-12-29 04:45:00+01:00,2025-12-29 23:55:00+01:00,231,19.25
682,2025-12-30,2025-12-30 00:00:00+01:00,2025-12-30 02:25:00+01:00,30,2.5
683,2025-12-30,2025-12-30 04:50:00+01:00,2025-12-30 23:55:00+01:00,230,19.166666666666668
684,2025-12-31,2025-12-31 00:00:00+01:00,2025-12-31 02:30:00+01:00,31,2.5833333333333335
685,2025-12-31,2025-12-31 04:45:00+01:00,2025-12-31 23:45:00+01:00,229,19.083333333333332
