event_id,n_kontrollen_gefunden
0,14
2,30
5,30
7,11
8,9
11,30
12,30
15,30
25,11
27,30
30,30
33,11
34,12
39,30
40,30
46,9
47,11
52,30
53,30
55,30
56,12
63,30
64,30
68,30
70,9
74,10
78,30
86,30
88,30
92,30
96,30
99,30
102,30
103,15
104,30
105,30
107,11
108,15
109,16
111,16
112,30
114,30
115,30
117,15
119,11
120,11
121,16
123,30
124,30
125,11
127,30
130,30
131,30
132,9
133,12
139,8
141,11
142,30
148,30
152,30
160,14
165,10
166,12
170,30
174,30
176,30
178,30
179,12
198,30
202,30
204,30
208,11
210,30
211,30
213,30
216,30
227,6
232,11
243,30
250,30
252,30
253,30
257,4
262,6
269,30
271,30
273,30
275,30
278,8
279,30
281,30
283,30
285,11
286,10
287,30
290,30
293,30
294,30
295,4
297,12
303,30
308,4
310,11
312,13
315,30
318,30
322,30
324,9
325,30
330,30
333,8
335,9
336,30
340,30
342,30
348,30
351,9
353,10
354,30
356,9
358,30
359,30
360,12
364,30
367,30
369,30
381,30
384,30
385,30
392,9
393,15
399,30
411,30
431,30
435,30
437,9
442,8
452,9
453,15
460,14
463,29
465,30
466,30
468,30
470,9
471,9
472,30
474,30
481,30
483,30
484,13
486,30
487,30
488,30
489,30
494,10
496,11
497,13
498,30
499,9
501,30
502,30
503,30
510,30
511,30
1,14
4,30
6,11
10,11
14,30
16,30
17,30
18,30
19,30
23,10
28,30
29,30
32,10
36,13
41,30
42,11
50,12
51,30
54,30
57,12
58,12
59,30
60,30
65,30
66,30
67,30
69,11
71,11
72,30
77,30
84,12
87,30
89,30
90,11
91,30
93,30
94,30
95,30
97,30
101,30
106,30
113,30
116,30
118,16
122,30
126,30
128,30
129,30
136,30
137,30
138,30
140,11
143,30
144,30
145,30
146,8
147,10
158,13
159,14
161,11
164,10
169,13
171,30
177,30
183,9
184,11
185,10
192,30
193,30
197,30
199,30
203,30
207,11
209,30
212,30
214,30
221,30
225,30
226,4
231,10
233,30
234,30
238,30
244,30
248,8
258,3
259,30
267,12
270,30
272,30
274,30
277,9
280,30
282,30
284,9
291,30
292,30
296,5
298,30
299,30
300,30
301,10
302,12
304,30
306,30
307,9
309,8
311,12
313,30
317,30
321,30
326,30
329,30
331,30
334,8
347,30
349,9
350,8
352,11
355,30
357,30
366,30
368,30
372,30
379,30
382,30
383,30
388,9
390,8
394,30
396,30
401,30
412,30
416,30
418,30
423,30
433,30
438,10
443,10
447,10
451,10
454,15
461,15
464,30
467,30
469,30
473,30
475,30
480,30
482,30
485,30
490,30
491,30
495,11
500,11
505,30
512,12
515,14
527,30
528,12
537,30
538,30
545,30
546,30
547,30
550,12
555,30
559,10
563,12
567,30
568,30
570,30
572,30
574,12
575,12
577,30
578,30
582,30
584,30
585,30
587,11
588,12
589,30
594,30
599,30
600,30
601,10
602,30
604,30
605,30
608,30
612,30
614,15
617,30
618,30
621,16
624,30
629,15
630,10
631,10
635,30
639,11
645,30
647,30
648,7
649,10
652,30
653,30
657,10
658,12
659,30
661,30
662,30
665,11
666,10
668,30
681,14
683,14
684,10
691,13
692,13
695,30
698,30
699,30
704,10
708,9
713,30
717,30
719,30
723,30
724,30
725,30
729,8
732,30
735,30
739,30
742,30
750,30
757,30
758,30
760,30
765,30
767,6
769,10
770,30
773,30
777,30
779,5
781,30
782,6
784,5
787,12
789,11
791,30
795,30
798,8
803,30
804,30
805,9
809,30
811,30
812,30
814,30
817,6
821,30
822,8
823,12
824,30
831,9
833,12
836,30
839,30
842,30
844,30
845,11
847,30
851,30
852,30
856,9
857,30
860,30
865,30
867,30
869,8
872,30
874,30
877,30
887,30
888,30
889,30
892,30
897,30
902,30
904,30
908,9
909,9
913,10
920,30
923,30
929,30
934,30
938,30
940,9
943,11
945,11
955,14
957,30
958,30
963,30
965,30
967,30
970,30
982,12
984,12
513,14
519,30
522,12
523,14
524,30
525,30
529,30
534,30
535,30
543,11
544,30
548,30
549,10
551,12
552,14
553,30
554,30
560,10
569,30
571,30
573,30
576,30
580,30
583,30
586,30
595,30
596,30
603,30
609,30
613,30
615,30
616,30
619,12
620,16
622,15
623,30
625,30
626,30
628,16
632,16
633,17
637,30
638,30
640,30
641,30
644,30
646,30
650,30
654,30
660,30
667,13
669,30
670,30
682,14
685,11
687,9
690,12
697,30
700,30
701,12
707,10
712,30
716,30
718,30
721,30
727,30
731,12
745,30
747,30
748,30
749,30
751,5
753,11
759,30
763,30
764,30
768,6
771,30
774,30
776,30
780,8
783,11
790,30
792,30
793,30
794,30
796,30
799,7
800,11
801,30
802,30
806,10
807,11
808,30
810,30
813,30
815,30
816,6
819,30
832,12
834,12
838,30
840,30
841,30
843,30
846,10
849,30
853,10
861,30
863,30
866,30
868,30
870,10
871,30
873,9
875,30
876,30
881,30
884,30
891,30
899,30
903,30
914,10
915,15
916,30
924,30
925,30
927,30
937,30
939,30
941,9
942,9
944,11
950,14
951,30
952,30
959,10
960,9
961,10
962,30
964,30
968,30
969,14
971,30
972,30
973,30
978,8
981,11
983,10
985,30
986,30
991,30
992,30
993,30
994,12
996,14
997,30
1000,30
1004,11
1008,30
1013,30
1014,30
1019,30
1020,30
1021,30
1022,30
1031,30
1035,9
1038,12
1041,30
1042,30
1045,30
1047,30
1049,12
1050,12
1051,30
1052,30
1055,30
1058,30
1060,11
1062,12
1063,13
1064,30
1072,30
1076,30
1077,30
1079,30
1080,30
1083,30
1085,30
1086,30
1089,30
1090,30
1094,30
1096,16
1099,30
1100,30
1102,16
1106,30
1112,15
1113,10
1114,10
1117,30
1120,11
1122,30
1124,30
1128,7
1129,11
1133,30
1134,30
1136,10
1137,11
1138,30
1140,30
1146,30
1156,13
1157,14
1159,14
1160,10
1171,13
1174,30
1176,30
1179,30
1186,9
1187,6
1190,10
1196,30
1201,30
1203,30
1207,30
1208,30
1213,8
1214,11
1217,30
1220,30
1223,30
1224,30
1233,30
1241,30
1242,30
1243,30
1245,30
1248,30
1253,10
1254,30
1257,30
1263,6
1265,30
1266,7
1268,6
1271,12
1272,10
1274,12
1277,30
1280,30
1282,9
1286,30
1287,30
1291,30
1293,30
1295,30
1296,30
1299,7
1303,30
1305,12
1306,30
1308,30
1311,10
1313,12
1316,30
1319,30
1322,30
1325,11
1331,30
1332,30
1335,9
1340,30
1347,30
1349,8
1352,30
1354,30
1357,30
1362,30
1364,30
1365,30
1368,30
1370,30
1375,30
1379,30
1386,9
1387,9
1401,30
1404,30
1410,30
1413,30
1419,30
1423,30
1427,30
1429,9
1432,11
1434,11
1436,15
1443,30
1444,30
1445,30
1450,30
1452,30
1454,30
1458,30
1462,30
1463,30
1465,12
1467,13
1470,12
995,14
1001,30
1005,30
1006,30
1011,30
1012,30
1016,12
1017,11
1018,30
1023,30
1027,12
1028,14
1029,30
1030,30
1036,11
1037,11
1046,30
1048,30
1053,30
1057,30
1059,30
1068,30
1073,30
1075,30
1078,30
1084,30
1087,30
1088,30
1091,30
1095,30
1097,30
1098,30
1101,16
1103,15
1104,30
1107,30
1108,30
1111,16
1115,15
1116,17
1118,30
1119,30
1121,30
1126,30
1127,30
1130,30
1135,9
1139,30
1141,13
1142,30
1145,10
1147,30
1148,30
1149,30
1158,14
1166,12
1170,13
1172,30
1175,30
1180,30
1181,12
1185,8
1189,11
1199,30
1202,30
1205,30
1210,30
1216,12
1227,30
1228,30
1232,30
1234,4
1240,10
1244,30
1246,30
1247,30
1251,4
1255,30
1258,30
1259,30
1264,8
1267,9
1269,5
1270,11
1273,12
1276,30
1278,30
1279,30
1283,7
1284,30
1285,30
1288,10
1289,10
1290,30
1292,30
1297,30
1298,5
1301,30
1304,9
1312,12
1314,12
1318,30
1320,30
1321,30
1326,10
1327,30
1330,30
1333,10
1336,10
1337,30
1341,30
1343,30
1346,30
1348,30
1350,10
1351,30
1353,9
1355,30
1356,30
1361,30
1363,30
1366,30
1369,30
1380,30
1381,30
1392,10
1402,30
1403,30
1406,30
1409,30
1414,30
1415,30
1417,30
1424,30
1426,30
1428,30
1430,9
1431,9
1433,11
1439,14
1440,30
1441,30
1446,10
1447,9
1448,10
1449,30
1451,30
1457,14
1459,30
1460,30
1461,30
1464,8
1466,11
1468,13
1469,10
1471,30
1472,30
1479,30
1480,30
1484,14
1485,30
1487,30
1489,11
1490,12
1494,30
1498,30
1501,30
1502,30
1503,30
1510,30
1511,30
1512,30
1515,11
1519,13
1524,30
1528,9
1530,12
1532,12
1534,13
1535,30
1536,30
1538,30
1539,30
1542,12
1544,30
1545,30
1547,30
1549,30
1551,11
1553,11
1554,30
1556,10
1567,12
1570,30
1571,30
1574,11
1575,30
1577,30
1578,30
1580,30
1581,30
1585,30
1593,16
1596,30
1599,30
1604,16
1605,10
1609,30
1614,10
1618,30
1621,8
1626,30
1627,30
1630,11
1631,12
1640,6
1644,30
1651,13
1652,14
1654,11
1663,14
1665,30
1668,30
1671,30
1676,8
1677,11
1679,30
1683,30
1686,30
1688,30
1692,30
1693,30
1694,30
1698,9
1701,30
1703,30
1705,30
1707,30
1712,30
1715,30
1717,30
1723,11
1725,30
1726,30
1729,30
1735,30
1738,10
1742,30
1748,7
1749,30
1751,6
1754,12
1755,11
1759,30
1761,30
1764,10
1767,30
1769,30
1770,30
1777,30
1779,30
1780,30
1783,7
1787,30
1788,12
1789,30
1791,30
1792,9
1794,11
1795,11
1796,12
1799,30
1801,30
1813,30
1815,30
1818,9
1827,30
1830,30
1832,9
1836,30
1838,30
1844,30
1847,30
1848,30
1849,30
1851,30
1857,30
1861,30
1867,9
1868,9
1870,10
1873,15
1882,30
1888,30
1892,30
1896,30
1898,10
1901,11
1902,11
1904,15
1912,30
1914,30
1918,30
1920,30
1922,30
1929,30
1934,12
1943,30
1483,14
1488,30
1491,30
1492,30
1497,30
1508,11
1509,30
1513,30
1516,11
1517,12
1522,30
1523,30
1529,9
1531,11
1533,11
1540,30
1541,12
1543,30
1546,30
1548,30
1550,30
1552,11
1557,9
1562,30
1566,30
1569,30
1572,30
1573,10
1576,30
1579,30
1583,30
1586,30
1587,15
1588,30
1589,30
1590,15
1592,15
1597,30
1598,30
1603,15
1606,11
1607,15
1608,17
1610,30
1611,30
1612,30
1613,11
1615,30
1620,30
1622,11
1623,30
1632,11
1633,30
1634,30
1635,30
1636,11
1637,14
1638,30
1639,30
1641,9
1642,30
1645,30
1646,30
1653,14
1660,12
1664,30
1667,30
1670,30
1672,30
1673,12
1687,30
1690,30
1696,30
1700,11
1702,30
1710,30
1711,30
1714,30
1716,30
1718,5
1724,9
1727,30
1728,30
1734,30
1737,6
1740,30
1741,30
1743,30
1745,30
1747,4
1750,11
1753,12
1756,12
1757,30
1758,30
1760,30
1762,30
1765,9
1766,30
1768,30
1771,11
1772,10
1774,30
1778,30
1781,30
1782,4
1785,30
1793,4
1797,12
1800,30
1802,30
1803,30
1806,30
1810,11
1811,30
1814,30
1817,8
1819,9
1820,30
1824,30
1826,30
1829,30
1831,30
1833,10
1837,9
1839,30
1840,30
1841,12
1845,30
1856,30
1862,30
1863,30
1874,30
1883,30
1884,30
1886,30
1897,30
1899,9
1900,10
1907,13
1909,30
1910,30
1911,30
1913,30
1915,10
1916,10
1917,30
1919,30
1923,30
1924,14
1925,30
1926,30
1927,30
1928,30
1935,12
1936,14
1937,11
1938,30
1940,30
1946,30
1947,30
1952,14
1953,30
1955,30
1957,11
1960,12
1964,30
1968,30
1970,30
1971,30
1972,30
1979,30
1980,30
1982,11
1985,13
1990,30
1994,9
1996,12
1998,12
1999,12
2001,30
2002,30
2004,30
2006,30
2009,12
2010,12
2012,30
2013,30
2016,30
2018,30
2019,30
2021,11
2023,12
2024,30
2034,30
2036,30
2038,30
2041,30
2043,30
2044,30
2045,30
2046,30
2050,30
2052,16
2060,30
2066,16
2071,30
2075,9
2078,30
2079,30
2084,7
2087,30
2088,30
2089,30
2092,11
2093,12
2095,30
2098,30
2102,7
2104,30
2111,13
2114,14
2115,10
2122,13
2124,13
2126,30
2132,30
2137,11
2138,8
2139,11
2141,30
2147,30
2151,30
2158,30
2159,30
2160,30
2165,8
2168,30
2171,30
2174,30
2177,30
2180,30
2185,30
2186,30
2189,30
2199,30
2200,30
2205,30
2210,7
2212,9
2215,30
2217,30
2222,5
2223,30
2224,7
2226,6
2230,11
2233,30
2236,30
2238,9
2240,30
2242,30
2244,8
2249,30
2253,30
2256,30
2258,6
2262,30
2264,12
2265,30
2269,9
2271,9
2273,12
2279,30
2293,30
2296,9
2301,30
2309,30
2311,9
2314,30
2316,30
2321,30
2323,30
2327,30
2333,30
2336,30
2341,30
2348,8
2349,9
2352,10
2362,30
2365,30
2371,30
2374,30
2380,30
2385,30
2388,30
2390,10
2394,11
2396,15
2405,30
2406,30
2411,30
2413,30
2415,30
2422,30
2427,12
2431,12
1951,14
1956,30
1958,11
1961,30
1962,30
1967,30
1977,11
1978,30
1981,30
1983,11
1984,12
1988,30
1989,30
1995,10
1997,11
2005,30
2007,30
2008,12
2011,30
2014,30
2017,30
2020,30
2022,10
2026,10
2027,30
2031,30
2033,30
2035,30
2037,30
2042,30
2051,30
2053,30
2054,30
2055,16
2057,15
2058,30
2061,30
2062,30
2065,15
2067,10
2068,11
2069,15
2070,17
2072,30
2073,30
2074,11
2076,30
2077,30
2082,30
2083,30
2085,11
2086,30
2094,11
2096,30
2097,30
2099,11
2100,13
2101,30
2103,9
2105,30
2106,30
2113,14
2121,12
2123,13
2125,30
2129,30
2133,30
2134,12
2146,30
2150,30
2152,29
2156,30
2162,30
2167,11
2179,30
2188,29
2191,8
2198,9
2201,30
2202,30
2208,30
2211,8
2214,30
2216,30
2218,30
2221,7
2227,12
2229,12
2231,30
2232,30
2234,30
2235,30
2239,30
2241,30
2243,30
2245,11
2246,10
2248,30
2250,30
2251,30
2255,30
2257,30
2260,30
2263,10
2270,7
2272,12
2274,12
2277,30
2280,30
2281,30
2283,30
2287,10
2292,30
2295,8
2297,10
2298,30
2302,30
2304,30
2308,30
2310,30
2312,10
2313,30
2315,9
2317,30
2318,30
2322,30
2324,30
2332,30
2335,30
2342,30
2343,30
2353,10
2363,30
2367,30
2375,30
2376,30
2386,30
2387,30
2389,30
2391,9
2392,9
2393,11
2399,14
2401,30
2402,30
2407,10
2408,9
2409,10
2410,30
2412,30
2416,30
2417,14
2418,30
2419,30
2420,30
2421,30
2428,12
2429,14
2430,11
2432,30
2440,30
2441,30
2442,14
2452,30
2456,30
2459,30
2464,30
2465,30
2468,12
2476,30
2482,13
2483,30
2485,30
2488,12
2490,30
2491,10
2492,30
2495,30
2497,30
2500,12
2507,30
2508,30
2509,30
2510,10
2511,30
2513,30
2519,30
2524,30
2530,11
2545,30
2549,30
2551,30
2552,10
2554,12
2556,30
2565,14
2578,14
2580,30
2583,30
2587,10
2601,30
2603,30
2606,30
2607,30
2608,11
2610,30
2612,30
2619,30
2620,30
2627,11
2629,30
2630,30
2652,30
2654,30
2656,12
2658,30
2662,30
2665,30
2667,30
2675,30
2676,12
2679,30
2683,13
2685,30
2687,30
2689,30
2700,30
2716,30
2718,11
2723,30
2727,30
2730,30
2734,30
2735,30
2744,15
2747,30
2756,30
2759,30
2774,30
2776,30
2446,30
2447,9
2448,10
2449,30
2450,30
2463,11
2466,30
2469,10
2470,12
2474,30
2475,30
2479,9
2480,12
2484,30
2486,30
2487,12
2489,30
2493,30
2494,30
2496,30
2498,30
2499,10
2501,30
2506,30
2512,30
2514,30
2515,30
2516,30
2517,15
2518,30
2520,15
2521,16
2523,16
2525,30
2526,30
2527,30
2529,15
2531,11
2532,16
2533,30
2534,30
2537,30
2538,30
2539,30
2540,30
2541,9
2542,10
2546,30
2547,10
2548,11
2550,30
2555,10
2557,30
2566,14
2569,10
2571,10
2572,12
2575,14
2582,30
2585,30
2586,30
2588,6
2592,9
2595,30
2599,30
2602,30
2609,10
2611,30
2614,30
2617,30
2621,30
2625,10
2628,10
2631,30
2632,30
2633,30
2634,30
2641,30
2642,30
2645,30
2648,12
2651,12
2653,30
2655,30
2657,30
2659,10
2660,11
2661,11
2664,30
2666,30
2673,30
2677,30
2678,30
2681,7
2682,12
2684,12
2688,30
2696,10
2701,30
2707,30
2711,30
2713,30
2717,30
2724,30
2725,30
2728,30
2736,8
2738,7
2739,30
2740,30
2741,30
2742,7
2743,15
2746,30
2748,30
2751,10
2754,30
2757,30
2758,14
2760,30
2761,30
2762,30
2766,11
2767,13
2768,10
2769,30
2775,30
2778,30
2779,30
2780,12
2782,14
2786,30
2788,11
2790,12
2794,30
2800,30
2801,30
2802,30
2803,10
2807,30
2808,30
2809,30
2812,11
2816,12
2821,30
2825,8
2828,12
2829,12
2831,12
2833,30
2834,30
2836,30
2837,30
2839,11
2840,12
2842,30
2843,30
2845,30
2848,30
2849,30
2852,11
2854,11
2856,30
2865,30
2866,12
2869,30
2870,30
2873,30
2875,30
2876,30
2878,30
2879,30
2882,30
2884,15
2890,16
2892,30
2898,16
2899,10
2903,30
2909,30
2911,30
2916,8
2919,30
2920,30
2921,30
2924,10
2925,11
2927,30
2930,30
2934,30
2935,6
2937,30
2941,14
2945,14
2947,14
2948,11
2954,13
2955,14
2957,30
2961,30
2962,30
2970,10
2971,10
2978,30
2983,30
2986,30
2991,30
2996,30
2998,30
3000,30
3006,30
3009,30
3010,6
3016,11
3018,30
3019,30
3022,30
3030,9
3031,30
3034,30
3037,30
3041,6
3042,30
3044,7
3047,11
3049,30
3053,10
3055,30
3056,30
3057,30
3066,30
3068,30
3071,30
3077,30
3080,30
3082,12
3083,30
3085,30
3086,11
3088,10
3090,12
3096,30
3102,30
3110,30
3111,30
3114,9
3127,30
3129,9
3133,30
3135,30
3140,30
3143,30
3145,30
3146,30
3148,30
3153,30
3155,30
3157,30
3163,10
3164,9
3167,10
3177,30
3181,30
3187,30
3191,30
3197,30
3202,30
3205,30
3207,10
3210,11
3211,11
3213,15
3220,30
3225,30
3226,30
3231,30
3233,30
3235,30
3242,30
3247,12
3251,12
2781,14
2787,30
2791,30
2792,30
2797,30
2798,30
2806,11
2810,30
2813,11
2814,12
2819,30
2820,30
2826,10
2827,11
2830,12
2835,30
2838,30
2841,30
2844,30
2846,30
2847,30
2850,30
2851,30
2853,9
2855,13
2858,10
2862,30
2864,30
2874,30
2877,30
2880,30
2883,30
2885,30
2886,30
2887,16
2889,15
2891,30
2893,30
2894,30
2895,30
2897,15
2900,11
2901,15
2902,17
2904,30
2905,30
2906,30
2907,11
2908,30
2914,30
2915,30
2917,11
2918,30
2926,12
2928,30
2929,30
2931,11
2932,14
2933,30
2936,9
2939,30
2940,30
2946,14
2952,10
2956,30
2958,30
2959,30
2960,30
2963,30
2967,8
2968,10
2980,30
2984,30
2987,30
2988,30
2992,30
2995,9
2997,30
2999,30
3001,30
3004,30
3008,29
3011,7
3017,10
3021,30
3024,30
3025,30
3029,7
3033,30
3035,30
3038,30
3043,11
3048,30
3050,30
3051,30
3054,30
3058,11
3059,11
3060,11
3065,30
3075,30
3076,7
3078,30
3081,9
3087,7
3089,12
3091,13
3094,30
3097,30
3098,30
3104,10
3105,30
3109,30
3113,7
3115,9
3116,30
3123,30
3128,30
3131,9
3132,30
3134,9
3136,30
3137,30
3141,30
3147,30
3150,30
3152,30
3156,30
3158,30
3159,30
3162,10
3165,7
3168,11
3178,30
3183,30
3186,30
3192,30
3193,30
3203,30
3204,30
3206,30
3208,8
3209,9
3219,30
3221,30
3224,30
3227,10
3228,9
3229,10
3230,30
3232,30
3236,30
3237,14
3238,30
3239,30
3240,30
3241,30
3248,11
3249,14
3250,10
3252,30
3258,30
3262,30
3263,30
3264,14
3266,30
3268,30
3270,10
3273,30
3274,30
3282,12
3283,11
3285,30
3288,30
3291,12
3296,30
3297,30
3303,10
3305,11
3306,11
3309,30
3311,30
3313,30
3314,12
3319,30
3321,30
3322,30
3324,30
3326,10
3334,30
3335,30
3341,30
3344,30
3347,30
3351,30
3355,30
3356,16
3357,30
3358,30
3360,15
3362,15
3363,30
3365,30
3366,30
3369,15
3370,11
3371,11
3372,16
3373,17
3375,30
3376,30
3377,11
3378,30
3383,30
3386,10
3387,30
3392,7
3395,11
3397,30
3400,10
3401,30
3404,30
3406,30
3411,14
3417,10
3418,12
3424,30
3427,30
3429,30
3432,8
3437,10
3452,30
3457,30
3458,30
3461,30
3463,30
3468,30
3473,30
3478,30
3481,30
3492,11
3500,30
3503,7
3507,30
3508,30
3510,30
3511,30
3512,6
3514,30
3523,30
3524,30
3529,30
3531,30
3533,11
3536,11
3538,30
3548,30
3559,7
3563,13
3565,30
3568,30
3569,30
3574,30
3577,11
3578,30
3582,30
3585,7
3587,9
3588,30
3592,30
3594,30
3596,30
3598,30
3602,8
3606,8
3608,30
3609,30
3610,12
3614,30
3618,30
3622,30
3626,30
3632,30
3633,30
3635,10
3639,6
3646,10
3648,15
3649,30
3658,30
3659,30
3661,30
3668,30
3671,30
3673,7
3674,9
3676,11
3682,14
3684,30
3686,30
3690,30
3692,10
3693,9
3694,10
3695,30
3697,30
3701,30
3702,14
3703,30
3704,30
3705,30
3706,30
3707,30
3715,12
3716,14
3717,11
3719,30
3729,30
3730,30
3265,14
3272,12
3276,30
3279,30
3280,30
3281,30
3284,30
3286,30
3287,30
3290,11
3293,13
3298,30
3300,11
3304,12
3307,11
3308,30
3310,30
3312,30
3315,12
3316,12
3317,30
3318,30
3320,30
3323,30
3325,11
3327,11
3328,30
3332,30
3336,12
3340,30
3342,11
3343,30
3345,30
3346,30
3348,30
3349,30
3354,30
3359,30
3364,30
3367,30
3368,16
3374,30
3382,30
3384,30
3385,8
3390,30
3391,30
3393,11
3394,10
3396,30
3398,30
3399,6
3403,30
3409,13
3413,9
3416,8
3421,14
3423,30
3425,30
3428,30
3433,8
3436,8
3438,11
3447,30
3451,30
3456,30
3462,30
3465,9
3466,10
3467,30
3469,30
3470,30
3475,30
3479,30
3480,30
3482,30
3483,4
3488,11
3491,10
3493,30
3494,30
3495,30
3496,30
3502,6
3504,10
3505,30
3509,30
3513,4
3515,5
3518,12
3519,11
3520,12
3521,30
3522,30
3526,30
3528,9
3530,30
3532,7
3535,11
3541,30
3543,30
3549,6
3550,30
3552,30
3553,9
3554,12
3555,30
3557,30
3558,10
3560,9
3561,11
3562,12
3564,30
3567,30
3575,30
3583,30
3586,9
3595,30
3597,30
3599,9
3605,30
3607,30
3613,30
3616,30
3617,30
3619,30
3621,30
3623,30
3627,30
3631,30
3637,9
3638,9
3645,10
3647,15
3653,30
3657,30
3663,30
3667,30
3670,30
3672,10
3675,11
3677,11
3679,15
3683,30
3685,30
3691,30
3696,30
3698,30
3700,30
3708,30
3714,12
3718,12
3727,30
3731,12
3733,14
3734,30
3737,11
3738,11
3744,30
3745,12
3751,30
3752,30
3760,30
3761,30
3764,12
3776,12
3780,12
3781,30
3782,30
3785,30
3786,30
3788,11
3790,12
3792,30
3793,30
3794,30
3798,30
3800,30
3803,11
3805,12
3807,30
3809,30
3810,30
3812,13
3815,30
3816,30
3817,30
3819,10
3820,30
3822,30
3823,30
3826,30
3827,30
3834,30
3835,30
3837,16
3841,30
3844,30
3849,11
3850,11
3853,30
3856,11
3858,30
3859,30
3861,10
3863,30
3866,30
3868,12
3870,30
3876,13
3878,14
3879,10
3883,13
3888,30
3890,30
3891,30
3892,30
3898,9
3902,12
3903,9
3909,30
3910,30
3913,30
3914,30
3915,30
3921,30
3928,8
3929,12
3930,30
3933,30
3935,30
3936,30
3945,30
3948,30
3949,4
3954,30
3955,30
3957,30
3959,30
3963,30
3964,9
3967,5
3968,30
3970,30
3971,30
3973,30
3976,4
3977,28
3978,8
3980,4
3989,30
3990,30
3991,30
3993,30
3994,9
3995,7
4000,30
4001,30
4002,6
4005,30
4008,30
4010,30
4014,30
4018,5
4022,30
4024,12
4025,30
4032,6
4034,12
4035,30
4040,30
4043,30
4045,30
4046,11
4048,30
4053,30
4054,30
4059,10
4060,30
4062,30
4069,30
4071,8
4072,8
4075,30
4077,30
4086,30
4090,30
4091,30
4097,30
4103,30
4105,30
4107,30
4109,30
4116,10
4117,9
4122,10
4130,30
4139,30
4142,30
4144,30
4148,30
4152,30
4157,30
4159,9
4163,11
4175,30
4176,30
4180,30
4182,30
4184,30
4187,30
4190,30
4198,30
4201,30
4204,30
3732,14
3736,30
3739,11
3740,14
3741,30
3742,30
3746,30
3747,30
3748,30
3757,11
3759,30
3762,30
3765,10
3766,12
3767,13
3768,30
3769,30
3775,10
3777,11
3779,12
3784,30
3787,30
3791,30
3795,30
3799,30
3801,30
3802,30
3804,10
3806,13
3808,11
3811,30
3821,30
3824,30
3825,30
3828,30
3829,30
3832,30
3833,30
3836,16
3838,15
3842,30
3843,30
3845,15
3851,16
3852,17
3855,30
3857,30
3860,30
3862,30
3864,11
3865,30
3867,30
3869,30
3871,30
3882,10
3889,30
3895,12
3901,10
3912,30
3916,30
3918,30
3924,30
3939,30
3944,30
3947,30
3950,12
3956,30
3961,30
3962,30
3966,7
3969,30
3972,30
3975,7
3982,12
3986,30
3987,30
3992,30
3996,12
3997,30
3999,30
4003,11
4004,12
4006,30
4007,30
4009,30
4012,30
4015,30
4016,30
4020,30
4023,9
4033,12
4039,30
4041,30
4042,30
4044,30
4047,10
4049,30
4052,30
4055,9
4058,9
4063,30
4065,30
4068,30
4070,30
4073,8
4074,30
4076,9
4078,30
4079,30
4084,30
4089,30
4096,30
4100,30
4106,30
4108,30
4114,10
4118,7
4121,9
4131,30
4132,30
4135,30
4138,30
4143,30
4146,30
4156,30
4158,30
4160,9
4161,10
4162,11
4168,14
4169,30
4170,30
4177,10
4178,11
4179,30
4181,30
4185,30
4186,14
4188,30
4189,30
4193,9
4196,14
4197,11
4199,30
4200,30
4205,30
4206,30
4207,30
4208,30
4209,12
4211,14
4212,30
4214,10
4217,30
4224,30
4225,30
4227,10
4230,30
4231,30
4232,30
4234,12
4236,30
4237,30
4240,9
4242,12
4245,11
4246,11
4249,30
4250,30
4251,10
4252,12
4254,30
4255,30
4257,30
4259,30
4261,12
4262,12
4265,30
4266,30
4269,12
4270,30
4271,11
4272,30
4273,30
4276,30
4279,30
4280,16
4283,16
4286,30
4287,30
4289,14
4291,11
4292,15
4294,30
4301,30
4302,11
4307,30
4309,30
4311,30
4312,9
4313,12
4314,30
4315,14
4317,10
4318,15
4319,15
4320,30
4321,30
4323,30
4324,10
4328,9
4329,10
4330,30
4331,30
4332,30
4335,30
4337,30
4342,30
4345,30
4349,9
4352,30
4355,30
4357,30
4364,30
4365,10
4368,10
4374,30
4376,30
4378,7
4379,30
4384,12
4386,30
4387,11
4389,30
4390,30
4396,30
4398,30
4399,30
4404,30
4405,30
4406,12
4407,30
4408,9
4409,7
4411,11
4413,13
4417,30
4421,30
4424,30
4425,30
4427,10
4428,30
4432,30
4433,30
4434,9
4435,9
4436,30
4437,30
4438,30
4440,30
4441,10
4443,30
4444,30
4448,30
4452,30
4453,30
4454,30
4462,30
4464,30
4465,30
4466,10
4467,9
4473,15
4474,30
4479,30
4484,30
4488,30
4489,30
4492,30
4494,30
4495,30
4496,10
4497,9
4498,11
4499,11
4502,15
4504,30
4505,30
4506,30
4510,30
4512,30
4514,30
4517,30
4522,9
4527,13
4528,30
4530,12
4531,30
4533,30
4210,14
4213,30
4215,30
4218,30
4219,30
4220,30
4228,12
4229,11
4233,11
4235,13
4239,11
4241,11
4244,12
4248,30
4253,30
4256,30
4258,30
4260,30
4263,10
4274,30
4281,16
4288,16
4290,11
4293,17
4295,30
4299,30
4300,30
4303,30
4308,30
4310,30
4322,30
4336,30
4344,30
4346,30
4351,12
4356,30
4358,9
4370,30
4377,9
4388,30
4393,11
4395,30
4400,30
4401,9
4410,12
4414,13
4419,30
4422,30
4423,30
4429,30
4431,30
4439,30
4442,30
4445,30
4446,30
4455,30
4457,30
4463,30
4468,9
4475,30
4481,30
4491,30
4493,30
4503,30
4507,11
4508,11
4509,10
4511,30
4515,30
4516,30
4521,10
4525,11
4526,14
4529,10
4532,30
4535,30
4536,30
4537,30
4538,12
4541,14
4542,30
4545,10
4551,30
4552,12
4558,30
4559,30
4560,10
4565,30
4566,30
4567,30
4576,30
4580,9
4582,12
4588,30
4589,30
4591,30
4593,30
4595,12
4596,12
4598,30
4599,30
4600,30
4604,30
4606,30
4607,30
4609,11
4611,12
4612,30
4617,30
4621,30
4623,30
4624,30
4625,30
4626,10
4627,30
4629,30
4631,30
4632,30
4636,30
4640,30
4643,16
4646,30
4649,16
4651,10
4652,10
4655,30
4661,9
4663,30
4664,30
4666,30
4667,7
4668,10
4670,30
4671,30
4674,10
4675,11
4678,30
4681,30
4682,6
4683,10
4684,30
4687,30
4689,14
4695,13
4697,14
4698,10
4703,12
4704,13
4706,14
4709,30
4712,30
4713,30
4723,9
4724,30
4726,30
4727,30
4730,30
4732,30
4737,30
4742,8
4745,30
4748,30
4750,30
4752,30
4756,30
4759,30
4765,11
4767,30
4768,30
4771,30
4775,30
4776,9
4780,10
4781,30
4783,30
4787,30
4788,6
4790,30
4791,7
4793,5
4801,11
4804,30
4805,30
4807,30
4808,30
4810,9
4811,8
4816,30
4817,30
4822,30
4824,30
4826,6
4830,30
4832,12
4833,30
4839,8
4841,11
4842,12
4844,30
4847,30
4850,30
4852,30
4853,11
4855,30
4861,30
4862,30
4865,8
4867,30
4870,30
4875,30
4878,30
4880,8
4881,9
4884,30
4886,30
4889,30
4899,30
4900,30
4901,30
4902,30
4905,30
4909,30
4911,30
4913,30
4920,9
4921,9
4922,9
4934,30
4943,30
4946,30
4956,30
4961,30
4963,9
4967,11
4976,30
4977,14
4978,30
4979,30
4984,30
4986,30
4988,30
4991,30
4994,30
4996,30
4999,12
5001,12
5004,12
5005,30
5008,30
5010,30
4539,14
4544,30
4546,12
4547,14
4548,30
4549,30
4553,30
4554,30
4563,11
4564,30
4568,30
4569,10
4572,12
4573,13
4574,30
4575,30
4581,10
4583,11
4585,12
4592,30
4594,30
4597,30
4602,30
4605,30
4608,30
4614,10
4615,30
4619,30
4620,30
4622,30
4628,30
4630,30
4633,30
4637,30
4638,30
4639,30
4641,12
4642,16
4644,15
4645,30
4647,30
4648,30
4650,16
4653,15
4654,17
4656,30
4657,30
4658,30
4660,11
4662,30
4665,30
4669,30
4672,30
4673,9
4676,30
4677,30
4679,14
4680,30
4685,30
4686,30
4688,30
4700,9
4705,13
4711,30
4714,30
4715,12
4722,10
4725,30
4729,30
4731,30
4734,30
4739,30
4740,30
4744,12
4754,30
4757,30
4758,30
4760,6
4764,11
4773,30
4774,30
4778,6
4782,30
4784,30
4786,30
4789,8
4792,11
4797,12
4800,12
4802,30
4803,30
4806,30
4812,10
4813,30
4818,10
4819,10
4820,30
4821,30
4825,30
4828,30
4831,10
4840,12
4843,11
4846,30
4848,30
4849,30
4851,30
4854,10
4856,30
4860,30
4863,10
4866,9
4874,30
4876,30
4879,30
4882,8
4883,30
4885,9
4887,30
4888,30
4893,30
4898,30
4907,30
4912,30
4914,30
4915,30
4917,10
4935,30
4936,30
4939,30
4942,30
4947,30
4948,30
4950,30
4960,30
4962,30
4964,10
4965,9
4966,11
4972,14
4973,30
4974,30
4980,10
4981,9
4982,10
4983,30
4985,30
4989,30
4990,14
4992,30
4993,30
4997,8
4998,12
5000,11
5002,13
5003,10
5006,30
5007,30
5009,30
5013,30
5014,30
5015,12
5017,14
5018,30
5023,11
5027,30
5033,30
5034,30
5035,30
5041,30
5042,30
5045,11
5050,30
5054,10
5056,12
5057,12
5059,12
5060,30
5061,30
5063,30
5064,30
5066,11
5067,12
5069,30
5070,30
5074,30
5076,30
5077,11
5080,11
5081,30
5088,30
5092,30
5093,11
5095,30
5097,30
5098,30
5101,30
5103,30
5104,30
5107,30
5108,30
5113,30
5115,16
5118,30
5119,30
5124,30
5130,16
5131,10
5132,10
5135,30
5137,11
5140,30
5141,30
5145,7
5150,30
5154,10
5155,11
5156,30
5158,30
5163,30
5167,30
5171,14
5176,13
5178,14
5179,10
5188,13
5191,30
5193,30
5196,30
5202,9
5204,10
5205,30
5211,30
5212,30
5216,30
5218,30
5223,30
5224,30
5228,11
5231,30
5234,30
5236,30
5238,30
5244,30
5247,30
5253,10
5255,30
5256,30
5260,30
5264,10
5268,10
5269,30
5271,30
5277,7
5279,30
5280,7
5281,6
5289,30
5291,30
5293,30
5296,9
5299,30
5301,30
5302,10
5308,30
5309,30
5312,6
5316,30
5317,12
5318,30
5320,30
5322,6
5324,12
5329,30
5332,30
5334,30
5336,11
5341,30
5344,9
5349,30
5356,30
5358,8
5362,30
5364,30
5372,30
5373,30
5374,30
5383,30
5389,30
5394,8
5395,9
5397,10
5400,15
5409,30
5419,30
5424,30
5426,9
5429,11
5431,11
5433,15
5438,30
5443,30
5444,30
5449,30
5451,30
5453,30
5460,30
5465,12
5466,13
5468,12
5471,30
5016,14
5022,11
5024,30
5025,30
5028,30
5031,30
5037,12
5038,12
5043,30
5046,12
5047,14
5048,30
5049,30
5055,11
5065,30
5068,30
5071,30
5075,30
5078,10
5085,30
5096,30
5102,30
5105,30
5106,30
5110,30
5114,30
5116,30
5117,30
5120,16
5122,15
5123,30
5125,30
5126,30
5129,15
5133,15
5134,17
5136,30
5138,30
5139,30
5143,30
5144,30
5146,11
5147,30
5151,30
5157,30
5159,11
5160,14
5161,30
5166,10
5168,30
5177,14
5185,12
5189,30
5192,30
5197,30
5198,12
5203,9
5210,30
5214,30
5217,30
5220,30
5225,30
5230,12
5232,30
5233,30
5237,30
5240,30
5242,30
5246,30
5248,7
5254,10
5257,30
5262,30
5263,30
5266,7
5270,30
5272,30
5278,8
5282,12
5285,12
5288,30
5290,30
5292,30
5294,30
5297,30
5298,30
5300,30
5303,10
5304,10
5305,30
5306,30
5307,30
5310,30
5311,30
5314,30
5323,12
5325,12
5328,30
5330,30
5331,30
5333,30
5335,11
5337,30
5340,30
5342,10
5345,9
5346,30
5350,30
5352,30
5355,30
5357,30
5360,9
5361,30
5363,9
5365,30
5366,30
5369,30
5382,30
5386,30
5390,30
5391,30
5399,10
5401,15
5402,30
5410,30
5411,30
5413,30
5421,30
5423,30
5425,30
5427,9
5428,9
5430,11
5436,14
5437,30
5439,30
5445,10
5446,9
5447,11
5448,30
5450,30
5454,30
5455,14
5456,30
5457,30
5458,30
5459,30
5467,11
5469,30
5470,30
5476,30
5477,30
