date,rows_muenchen,status
2025-01-01,402288,ok
2025-01-02,434353,ok
2025-01-03,496733,ok
2025-01-04,316382,ok
2025-01-05,354220,ok
2025-01-06,291435,ok
2025-01-07,479332,ok
2025-01-08,388994,ok
2025-01-09,463047,ok
2025-01-10,404422,ok
2025-01-11,69936,ok
2025-01-12,155014,ok
2025-01-13,32315,ok
2025-01-14,499422,ok
2025-01-15,571371,ok
2025-01-16,559010,ok
2025-01-17,495536,ok
2025-01-18,298000,ok
2025-01-19,251088,ok
2025-01-20,468116,ok
2025-01-21,567197,ok
2025-01-22,564578,ok
2025-01-23,466397,ok
2025-01-24,451023,ok
2025-01-25,351595,ok
2025-01-26,205891,ok
2025-01-27,447276,ok
2025-01-28,448377,ok
2025-01-29,514094,ok
2025-01-30,295598,ok
2025-01-31,312609,ok
2025-02-01,345804,ok
2025-02-02,296982,ok
2025-02-03,428671,ok
2025-02-04,502432,ok
2025-02-05,484311,ok
2025-02-06,466679,ok
2025-02-07,652194,ok
2025-02-08,363650,ok
2025-02-09,308558,ok
2025-02-10,455853,ok
2025-02-11,435794,ok
2025-02-12,476430,ok
2025-02-13,468104,ok
2025-02-14,636611,ok
2025-02-15,366710,ok
2025-02-16,417533,ok
2025-02-17,479349,ok
2025-02-18,527538,ok
2025-02-19,516587,ok
2025-02-20,471644,ok
2025-02-21,511042,ok
2025-02-22,268485,ok
2025-02-23,254402,ok
2025-02-24,408363,ok
2025-02-25,496952,ok
2025-02-26,453390,ok
2025-02-27,420909,ok
2025-02-28,431047,ok
2025-03-01,233255,ok
2025-03-02,223165,ok
2025-03-03,623664,ok
2025-03-04,413211,ok
2025-03-05,528858,ok
2025-03-06,446999,ok
2025-03-07,440003,ok
2025-03-08,265494,ok
2025-03-09,282256,ok
2025-03-10,468744,ok
2025-03-11,433913,ok
2025-03-12,494414,ok
2025-03-13,450857,ok
2025-03-14,543993,ok
2025-03-15,327144,ok
2025-03-16,267048,ok
2025-03-17,494620,ok
2025-03-18,464626,ok
2025-03-19,78691,ok
2025-03-20,31630,ok
2025-03-21,348348,ok
2025-03-22,303802,ok
2025-03-23,246176,ok
2025-03-24,331941,ok
2025-03-25,355836,ok
2025-03-26,436275,ok
2025-03-27,395370,ok
2025-03-28,508768,ok
2025-03-29,298487,ok
2025-03-30,186465,ok
2025-03-31,386066,ok
2025-04-01,448279,ok
2025-04-02,508838,ok
2025-04-03,489383,ok
2025-04-04,653812,ok
2025-04-05,244187,ok
2025-04-06,273646,ok
2025-04-07,516940,ok
2025-04-08,392494,ok
2025-04-09,34203,ok
2025-04-10,321159,ok
2025-04-11,438276,ok
2025-04-12,323416,ok
2025-04-13,246353,ok
2025-04-14,373312,ok
2025-04-15,384570,ok
2025-04-16,365247,ok
2025-04-17,346136,ok
2025-04-18,246766,ok
2025-04-19,164561,ok
2025-04-20,174304,ok
2025-04-21,177665,ok
2025-04-22,359847,ok
2025-04-23,306265,ok
2025-04-24,416676,ok
2025-04-25,340745,ok
2025-04-26,246490,ok
2025-04-27,296730,ok
2025-04-28,375741,ok
2025-04-29,371072,ok
2025-04-30,418515,ok
2025-05-01,256569,ok
2025-05-02,374776,ok
2025-05-03,251506,ok
2025-05-04,251415,ok
2025-05-05,458343,ok
2025-05-06,374530,ok
2025-05-07,357400,ok
2025-05-08,332866,ok
2025-05-09,302625,ok
2025-05-10,109587,ok
2025-05-11,105005,ok
2025-05-12,246423,ok
2025-05-13,332060,ok
2025-05-14,414842,ok
2025-05-15,490738,ok
2025-05-16,390918,ok
2025-05-17,275935,ok
2025-05-18,213564,ok
2025-05-19,375914,ok
2025-05-20,349845,ok
2025-05-21,415772,ok
2025-05-22,370481,ok
2025-05-23,370596,ok
2025-05-24,306162,ok
2025-05-25,250339,ok
2025-05-26,428519,ok
2025-05-27,390387,ok
2025-05-28,373121,ok
2025-05-29,215999,ok
2025-05-30,377292,ok
2025-05-31,336885,ok
2025-06-01,242719,ok
2025-06-02,391148,ok
2025-06-03,397173,ok
2025-06-04,420173,ok
2025-06-05,428094,ok
2025-06-06,337617,ok
2025-06-07,142787,ok
2025-06-08,131405,ok
2025-06-09,144068,ok
2025-06-10,149194,ok
2025-06-11,140888,ok
2025-06-12,173385,ok
2025-06-13,381862,ok
2025-06-14,240224,ok
2025-06-15,269549,ok
2025-06-16,313082,ok
2025-06-17,359546,ok
2025-06-18,383747,ok
2025-06-19,338018,ok
2025-06-20,523785,ok
2025-06-21,335748,ok
2025-06-22,325632,ok
2025-06-23,534967,ok
2025-06-24,520395,ok
2025-06-25,531558,ok
2025-06-26,520733,ok
2025-06-27,493957,ok
2025-06-28,407674,ok
2025-06-29,276635,ok
2025-06-30,586540,ok
2025-07-01,546035,ok
2025-07-02,563665,ok
2025-07-03,438980,ok
2025-07-04,473912,ok
2025-07-05,367832,ok
2025-07-06,288863,ok
2025-07-07,456692,ok
2025-07-08,407145,ok
2025-07-09,307258,ok
2025-07-10,389848,ok
2025-07-11,436938,ok
2025-07-12,287007,ok
2025-07-13,198116,ok
2025-07-14,410492,ok
2025-07-15,435452,ok
2025-07-16,342498,ok
2025-07-17,393325,ok
2025-07-18,442465,ok
2025-07-19,279477,ok
2025-07-20,239749,ok
2025-07-21,492373,ok
2025-07-22,435809,ok
2025-07-23,414068,ok
2025-07-24,494189,ok
2025-07-25,443921,ok
2025-07-26,258867,ok
2025-07-27,308296,ok
2025-07-28,420275,ok
2025-07-29,463879,ok
2025-07-30,452325,ok
2025-07-31,453950,ok
2025-08-01,396865,ok
2025-08-02,185077,ok
2025-08-03,237295,ok
2025-08-04,274948,ok
2025-08-05,428135,ok
2025-08-06,427324,ok
2025-08-07,456137,ok
2025-08-08,496506,ok
2025-08-09,298812,ok
2025-08-10,267731,ok
2025-08-11,405218,ok
2025-08-12,450151,ok
2025-08-13,454362,ok
2025-08-14,521157,ok
2025-08-15,294610,ok
2025-08-16,322997,ok
2025-08-17,249757,ok
2025-08-18,348015,ok
2025-08-19,314937,ok
2025-08-20,398859,ok
2025-08-21,409687,ok
2025-08-22,310126,ok
2025-08-23,210277,ok
2025-08-24,224389,ok
2025-08-25,249552,ok
2025-08-26,325049,ok
2025-08-27,421688,ok
2025-08-28,587220,ok
2025-08-29,361757,ok
2025-08-30,211453,ok
2025-08-31,184992,ok
2025-09-01,283004,ok
2025-09-02,67412,ok
2025-09-03,68607,ok
2025-09-04,236790,ok
2025-09-05,390444,ok
2025-09-06,326056,ok
2025-09-07,285469,ok
2025-09-08,362542,ok
2025-09-09,69981,ok
2025-09-10,69786,ok
2025-09-11,70498,ok
2025-09-12,70956,ok
2025-09-13,60897,ok
2025-09-14,58159,ok
2025-09-15,68624,ok
2025-09-16,68655,ok
2025-09-17,68832,ok
2025-09-18,81604,ok
2025-09-19,72207,ok
2025-09-20,61833,ok
2025-09-21,59671,ok
2025-09-22,72838,ok
2025-09-23,72876,ok
2025-09-24,72854,ok
2025-09-25,72854,ok
2025-09-26,73738,ok
2025-09-27,57563,ok
2025-09-28,78857,ok
2025-09-29,835399,ok
2025-09-30,779565,ok
2025-10-01,756883,ok
2025-10-02,816747,ok
2025-10-03,356582,ok
2025-10-04,399772,ok
2025-10-05,473937,ok
2025-10-06,718641,ok
2025-10-07,658595,ok
2025-10-08,513508,ok
2025-10-09,668726,ok
2025-10-10,733753,ok
2025-10-11,264115,ok
2025-10-12,272490,ok
2025-10-13,429246,ok
2025-10-14,742826,ok
2025-10-15,655767,ok
2025-10-16,631301,ok
2025-10-17,646144,ok
2025-10-18,214660,ok
2025-10-19,176162,ok
2025-10-20,683954,ok
2025-10-21,563027,ok
2025-10-22,715617,ok
2025-10-23,718882,ok
2025-10-24,849475,ok
2025-10-25,389634,ok
2025-10-26,383196,ok
2025-10-27,798256,ok
2025-10-28,727432,ok
2025-10-29,765594,ok
2025-10-30,663627,ok
2025-10-31,570803,ok
2025-11-01,299438,ok
2025-11-02,274238,ok
2025-11-03,352164,ok
2025-11-04,323138,ok
2025-11-05,354146,ok
2025-11-06,398935,ok
2025-11-07,357602,ok
2025-11-08,353448,ok
2025-11-09,250862,ok
2025-11-10,784350,ok
2025-11-11,645354,ok
2025-11-12,623894,ok
2025-11-13,689972,ok
2025-11-14,573386,ok
2025-11-15,256181,ok
2025-11-16,209044,ok
2025-11-17,676740,ok
2025-11-18,637205,ok
2025-11-19,636438,ok
2025-11-20,568341,ok
2025-11-21,553189,ok
2025-11-22,399657,ok
2025-11-23,387429,ok
2025-11-24,625700,ok
2025-11-25,559842,ok
2025-11-26,512734,ok
2025-11-27,580268,ok
2025-11-28,594434,ok
2025-11-29,328916,ok
2025-11-30,191177,ok
2025-12-01,605521,ok
2025-12-02,549563,ok
2025-12-03,526800,ok
2025-12-04,539418,ok
2025-12-05,429992,ok
2025-12-06,319160,ok
2025-12-07,173566,ok
2025-12-08,542832,ok
2025-12-09,543008,ok
2025-12-10,712180,ok
2025-12-11,555725,ok
2025-12-12,635294,ok
2025-12-13,408428,ok
2025-12-14,430397,ok
2025-12-15,600039,ok
2025-12-16,683488,ok
2025-12-17,657131,ok
2025-12-18,715098,ok
2025-12-19,567671,ok
2025-12-20,456028,ok
2025-12-21,399226,ok
2025-12-22,583653,ok
2025-12-23,489905,ok
2025-12-24,413453,ok
2025-12-25,410333,ok
2025-12-26,301290,ok
2025-12-27,340510,ok
2025-12-28,294650,ok
2025-12-29,561469,ok
2025-12-30,508621,ok
2025-12-31,436700,ok
