stop_id,stop_name,stop_lat,stop_lon,n_rows,n_trips
8000524,Altenerding,48.29357199999787,11.901743999989218,410414,35564
8000556,Altomünster,48.384918000003566,11.255132999999057,69411,21919
8000603,Arnbach,48.34132000000624,11.344043999998162,169096,21839
8000653,Aufhausen(b Erding),48.2743649999755,11.894374999992346,351582,29928
8000675,Aying,47.96876200001907,11.76957800000552,330961,36467
8000685,Bachern,48.280158999988174,11.378716000004113,170428,22130
8000781,Baierbrunn,48.018740999982356,11.480027000007746,344369,38604
8000785,Baldham,48.09925600001424,11.786779999992858,729868,51698
8001229,Buchenau(Oberbay),48.16027700000116,11.224496999991485,507459,40140
8001231,Buchenhain,48.03125500002274,11.497442000005384,330540,38906
8001354,Dachau Bahnhof,48.25465200002508,11.444260000010289,654706,65180
8001355,Dachau Stadt,48.26687799999537,11.439528999997483,176095,22140
8001404,Deisenhofen,48.01953900000081,11.583596999993187,395828,45714
8001578,Dürrnhaar,47.99395400000728,11.736606999998967,342334,28603
8001621,Ebenhausen-Schäftlarn,47.978685999988855,11.453608000006426,315149,38872
8001634,Ebersberg(Oberbay),48.07496999999006,11.970242999998193,159851,28604
8001647,Eching,48.30299199995036,11.616753999993946,1032070,75404
8001682,Eglharting,48.08234799994859,11.864290999986729,641113,45441
8001702,Eichenau(Oberbay),48.17932400000215,11.328276999994003,552654,40277
8001825,Erding,48.3034599999967,11.91206299999802,159088,35422
8001829,Erdweg,48.33301099998456,11.304367000002506,181484,22186
8001996,Esting,48.21219599995522,11.317322000002644,581552,48761
8001963,Fasanenpark,48.07971299998701,11.609378000010462,499186,46273
8001970,Feldafing,47.94693800000244,11.290223999996863,538350,39626
8001973,Feldkirchen(b München),48.151845999993576,11.732102999998215,514610,38814
8002078,Freising,48.39519499999171,11.744539000004526,191104,37809
8002161,Furth(b Deisenhofen),48.03552099998373,11.593280999993278,465506,45388
8002141,Fürstenfeldbruck,48.17179000004008,11.262180000000361,557968,40278
8002198,Gauting,48.07065800002215,11.376145999995638,583172,40640
8002210,Geisenbrunn,48.10915700003871,11.324846999995932,589896,42806
8000119,Geltendorf,48.10599119999289,11.037455200003377,163108,33156
8006006,Germering-Unterpfaffenhofen,48.128870000014025,11.364023000001788,658208,50431
8002247,Gernlinden,48.212764999966744,11.300378000011639,597826,49580
8002275,Gilching-Argelsried,48.10567399999181,11.299598000009548,576190,43172
8002347,Grafing Bahnhof,48.04322599996268,11.940423000009728,494648,45701
8002348,Grafing Stadt,48.04721700002917,11.96275800000549,372670,28626
8002351,Grafrath,48.13211099995483,11.15327599999748,432731,35170
8002383,Gronsdorf,48.11840099993008,11.698619000007845,856078,59768
8002420,Großhelfendorf,47.9460599999891,11.781259999997053,233278,19139
8002422,Großhesselohe Isartalbf,48.07106800003166,11.530945000004802,360262,41524
8002435,Grub(Oberbay),48.16452299994954,11.782559000006211,480408,39344
8002339,Gräfelfing,48.11977399994872,11.425571000002826,622826,41331
8002377,Gröbenzell,48.19491899994754,11.374106999993758,615050,49613
8002491,Haar,48.111264999963645,11.73129999999127,767789,59761
8002534,Hallbergmoos,48.30920800003951,11.714338000000822,515012,45653
8002610,Harthaus,48.13350200001094,11.387866999991262,676261,50442
8006189,Hebertshausen,48.29144500004332,11.45544799999426,446070,35759
8002715,Heimstetten,48.15875500003376,11.759658999985474,552646,40238
8002792,Herrsching,47.99884899999335,11.170570999996976,182887,39277
8002940,Hohenbrunn,48.04696599999458,11.698454000010894,579206,41837
8002955,Hohenschäftlarn,47.99129900003052,11.45751300000114,345396,38922
8002980,Holzkirchen,47.88438399998578,11.697234000000432,146150,34566
8002894,Höhenkirchen-Siegertsbrunn,48.01846500000728,11.719226000005955,506930,41712
8002899,Höllriegelskreuth,48.04345200001149,11.509751999998583,336188,42399
8003039,Icking,47.95324900001164,11.43664700000414,317361,38916
8003092,Ismaning,48.226040000050794,11.679405999998615,532146,45914
8003290,Kirchseeon,48.070886000029425,11.886948999988768,632398,45397
8003317,Kleinberghofen,48.354045000009116,11.275477999997793,171098,21757
8003438,Kreuzstraße,47.91649400000376,11.759013999998922,95394,19169
8003720,Lochham,48.12824699997959,11.430889999997637,567830,39854
8003735,Lohhof,48.28793700001612,11.580812999983907,1019519,76041
8003824,Maisach,48.21423700001211,11.257235999993828,514210,49611
8003828,Malching(Oberbay),48.215450000014926,11.219064000003643,410434,37131
8004204,Mammendorf,48.21682600001024,11.174617999998812,155188,37109
8003072,Markt Indersdorf,48.35239100001334,11.378445999997407,167336,22140
8003879,Markt Schwaben,48.19315700000149,11.861508999998748,513973,41365
8004128,München Donnersbergerbrücke,48.14262299986268,11.536536999979328,5153463,364445
8004167,München Flugh. Besucherpark Bahnhof,48.35209500001742,11.764184999984641,939914,85626
8004168,München Flughafen Terminal,48.35372800002037,11.785970000009096,371124,85686
8004129,München Hackerbrücke,48.14196900008415,11.54857200009383,4744693,324085
8004130,München Harras,48.11774699996981,11.536311000003188,354084,39396
8000261,München Hbf,48.1402320000003,11.558334999999982,7081,1927
8098263,München Hbf (tief),48.141171999591194,11.560492999921452,4827100,323601
8098261,München Hbf Gl.27-36,48.14152900000687,11.556707999998315,146390,44256
8098262,München Hbf Gl.5-10,48.140093999999976,11.555371000000004,281,53
8005419,München Heimeranplatz,48.13296100002786,11.531499999996045,380373,47237
8004179,München Hirschgarten,48.14353999982206,11.519244999971647,4601536,319195
8004131,München Isartor,48.13420199981729,11.583234000018628,4793266,323655
8004132,München Karlsplatz,48.13945199953525,11.565618999972543,4849594,323698
8004133,München Leienfelsstr.,48.154538000002454,11.42852399999103,541274,39852
8004134,München Leuchtenbergring,48.134250000085785,11.615985999988753,2277853,204957
8004135,München Marienplatz,48.13704799982561,11.575385999940078,4328926,310518
8000262,München Ost,48.12744000034518,11.604970999993478,4411920,326411
8004136,München Rosenheimer Platz,48.12916800006773,11.593049000016176,4309836,307705
8004137,München Siemenswerke,48.094502999969954,11.532798999993542,361751,41602
8004138,München St.Martin-Str.,48.11854299996523,11.59578499999262,1071588,79726
8004140,München-Allach,48.18993199993027,11.468036000003654,653896,53942
8004141,München-Aubing,48.15596800000066,11.413309000005436,527612,39722
8004142,München-Berg am Laim,48.13400099990723,11.63329500001207,1491250,105483
8004143,München-Daglfing,48.14962199999899,11.64932999999828,538988,44380
8004144,München-Englschalking,48.156915000021726,11.648334999997436,540280,44422
8004145,München-Fasanerie,48.19781100004325,11.525923999978604,1029964,76086
8004146,München-Fasangarten,48.0927459999768,11.606008999990292,563496,46222
8004147,München-Feldmoching,48.21381299998824,11.541317999984038,1026205,76780
8004181,München-Freiham,48.14000000001932,11.410111999990633,688492,49981
8004148,München-Giesing,48.11080299997975,11.596345999982013,1148016,88739
8004149,München-Johanneskirchen,48.16763800005893,11.646058000005176,575888,46313
8004150,München-Karlsfeld,48.211178999979175,11.459568000010268,649120,53502
8004151,München-Laim,48.14437099953093,11.503669000136425,4500075,313735
8004152,München-Langwied,48.1631120000568,11.432508000012277,605136,48968
8004153,München-Lochhausen,48.176504999991415,11.407894999994232,610549,49181
8004154,München-Mittersendling,48.10782400001316,11.536353999995745,374112,41564
8004155,München-Moosach,48.1802579999607,11.506236999994536,1000822,75927
8004156,München-Neuaubing,48.14170600005157,11.42219700000652,669890,48905
8006696,München-Neuperlach Süd,48.08868500001569,11.645175000004706,487784,41606
8004157,München-Obermenzing,48.1642229999705,11.478116999994656,656838,53506
8004158,München-Pasing,48.149852000139326,11.461871999949253,2530736,212996
8004159,München-Perlach,48.09342600000857,11.631208000005412,526861,41113
8004160,München-Riem,48.143982999967314,11.67804899998946,558617,40893
8004161,München-Solln,48.07992099999051,11.526954000000828,367476,41964
8004162,München-Trudering,48.126066000093076,11.663375000003382,897461,71728
8004139,München-Untermenzing,48.1776729999474,11.472792000005942,653020,53580
8004163,München-Westkreuz,48.14902599995542,11.443939999986307,1312848,90824
8004252,Neubiberg,48.07591099994919,11.660024999992512,549463,41861
8004279,Neufahrn(b Freising),48.32130999995685,11.66068099998456,1021745,75762
8004249,Neugilching,48.09896599999048,11.288666000005266,531990,42823
8004404,Niederroth,48.32093499999493,11.390041000003714,172228,22119
8004580,Oberschleißheim,48.257225999979326,11.55782999998673,1037429,75822
8004667,Olching,48.20999500002485,11.335602000005798,611268,49608
8004723,Ottenhofen(Oberbay),48.21813399997627,11.879384999989362,473962,35511
8004726,Otterfing,47.91095900000072,11.68228200000543,341958,34567
8004733,Ottobrunn,48.06369500001664,11.677824000010158,554786,41861
8004761,Peiß,47.960102000001235,11.776595000002256,129742,12361
8004775,Petershausen(Obb),48.41344999999327,11.469880999997777,187729,35750
8004827,Planegg,48.10530300003532,11.413555999993177,611158,41303
8004854,Poing,48.17132900002424,11.809438000004631,524478,40266
8004874,Possenhofen,47.96195999998672,11.306474999992773,549324,39601
8004893,Puchheim,48.1721789999872,11.35306100000157,552862,40264
8004899,Pullach,48.05897999997678,11.521848000003116,370486,42346
8004900,Pulling(b Freising),48.3633900000314,11.707083999995005,483292,37803
8005127,Röhrmoos,48.333317999977474,11.444770000001268,428312,35871
8005299,Sauerlach,47.973623000025505,11.655206999992997,345130,34554
8005442,Schwabhausen(b Dachau),48.300182000008164,11.364495999996606,177280,22041
8005406,Schöngeising,48.14736999995852,11.19205100000739,443016,34958
8005504,Seefeld-Hechendorf,48.04137000003054,11.198729999997063,522300,39225
8005652,St Koloman,48.24374699995874,11.882964999997336,338676,29956
8005676,Starnberg,47.995933999947646,11.343470000000233,582361,40680
8005675,Starnberg Nord,48.005975000051194,11.34738599998924,555868,40652
8005699,Steinebach,48.061184000021775,11.206812000007714,501188,38443
8005735,Stockdorf,48.09325799998104,11.400845000011564,618308,41303
8005831,Taufkirchen,48.051551999990565,11.60925199999543,484596,46262
8005927,Tutzing,47.90714200001611,11.272889999994876,215169,39533
8005920,Türkenfeld,48.10458600002855,11.076454000007157,396174,31384
8005986,Unterföhring,48.19030999997889,11.646772000005214,580056,46201
8005991,Unterhaching,48.06466499996629,11.612354999992817,502574,46262
8006688,Unterschleißheim,48.27369999988147,11.56862800000066,1056306,76116
8006059,Vaterstetten,48.104108999957425,11.764379999983156,736598,52063
8001922,Vierkirchen-Esterhofen,48.36111800000071,11.44510800000983,446664,35804
8006359,Weßling(Oberbay),48.077374000053794,11.251768000000835,515558,42308
8006550,Wolfratshausen,47.91424000000002,11.426988999999605,131578,38883
8006131,Wächterhof,48.033567000013356,11.712731000001055,570824,41681
8006671,Zorneding,48.08939500002144,11.83300400000761,689382,51931
