code_a,code_b,lift,gemeinsame_fenster
19,26,157.89189189189187,3
12,21,134.6427656850192,3
22,60,99.47487912549927,27
9,25,57.77802197802198,3
25,65,57.77802197802198,6
15,26,55.18551561270008,4
6,68,50.05586688880715,22
61,65,49.93162393162393,6
12,61,49.93162393162393,3
30,32,49.71914893617021,6
40,65,41.4,6
12,40,41.4,3
6,15,37.442495311795284,15
32,65,33.14609929078014,4
12,23,31.037780401416764,3
11,40,29.325000000000003,17
11,33,26.15820895522388,8
54,63,25.543967611336033,6
8,18,24.515062815697444,9
49,50,24.13416393442623,7
54,62,24.06315789473684,6
24,28,22.079227323628217,3
17,62,21.928057553956833,2
49,54,21.548360655737703,19
9,42,21.278025091056254,3
9,23,20.69185360094451,2
18,23,18.622668240850057,21
14,19,18.171073094867804,3
51,65,17.966171194259356,2
18,28,15.981155015197565,4
9,41,15.202544455688882,3
12,41,15.202544455688882,3
49,58,14.60905807168658,14
55,62,14.23234964512514,25
42,56,14.185350060704168,8
18,42,13.982702202694108,23
13,50,13.656623376623378,5
8,68,13.498952976195252,16
10,58,12.837731702850629,12
55,63,12.690876698945432,21
19,51,11.97744746283957,6
8,11,11.917044424297371,3
10,68,11.730051312560422,3
6,62,11.178484107579463,3
12,45,11.144128868164476,3
3,37,10.983038101604278,15
40,68,10.624778761061947,28
28,35,9.98822188449848,6
37,58,9.984902435550492,4
7,68,9.83413984867235,43
3,60,9.47491943690638,17
38,56,9.33144023427101,12
9,38,9.33144023427101,3
18,38,9.06482765614898,34
21,60,9.043170829590842,9
21,49,8.829033815411094,16
9,36,8.729536775693177,3
17,23,8.485148598948467,38
21,68,8.340702299071987,7
6,8,8.158367821034874,35
24,67,8.044369645042838,3
61,63,7.681788297172914,10
6,37,7.561915719833165,3
10,49,7.2431464389034295,4
6,22,7.242398154206413,6
61,62,7.236467236467237,10
50,64,7.117808369540361,74
7,35,7.076115577713023,23
3,22,7.012644046094751,20
19,47,6.844756883421206,3
14,26,6.6299861292085245,3
32,68,6.599887026925249,15
26,51,6.5552246249324675,9
14,50,6.54158631415241,5
15,21,6.5360565866514175,5
49,67,6.4728602744948525,31
10,28,6.46296710173431,11
61,69,6.4014902476440945,10
11,32,6.214893617021276,3
12,44,6.00651168104187,3
9,44,6.00651168104187,3
44,53,6.00651168104187,8
14,68,5.789014437303018,4
49,51,5.743284234230449,26
58,60,5.700336091937407,3
26,28,5.668990799309947,3
19,67,5.6608527131782935,3
35,55,5.611612145792198,12
17,58,5.49528803107635,3
22,47,5.495086512042378,19
17,51,5.428627267330166,14
13,54,5.390772385509228,6
28,69,5.378273322422258,3
5,26,5.345975178093683,16
31,35,5.164959846754586,24
8,49,5.079395984126748,13
3,58,5.063366718027735,28
50,55,5.028004482629809,16
2,18,4.915490690004414,9
23,24,4.900702168644751,3
5,17,4.802724103341357,27
24,31,4.757199858852909,5
41,63,4.67770598636581,20
5,22,4.643217877687001,40
2,49,4.622262420245499,59
49,57,4.560499609679937,26
36,62,4.554540926448613,36
55,69,4.532455963909082,9
55,58,4.3751552323125615,46
6,67,4.359825439244897,35
7,50,4.341658392725486,21
3,62,4.329545454545455,4
14,54,4.303675206679218,10
34,65,4.2629370629370635,4
26,47,4.16235215883722,5
35,61,4.1609686609686625,7
15,57,4.155197553255806,10
51,63,4.146039506367544,5
57,58,4.145136542230974,40
15,28,4.072867176203263,3
28,58,4.063005512338364,12
22,61,3.985153083744634,17
7,63,3.9758776490160126,10
5,24,3.9039687155815703,3
11,23,3.8797225501770956,3
23,63,3.8200345109436022,8
22,57,3.8177096768646064,19
54,67,3.754039167686659,28
26,54,3.739544807965861,1
45,56,3.714709622721492,4
8,58,3.693418126658749,16
7,18,3.691886388372011,5
15,41,3.6899379746817673,25
7,58,3.6293120428063843,57
37,47,3.623694820634756,6
23,58,3.6072965115448055,48
47,51,3.5995492375141764,114
15,47,3.5885133175217976,6
22,58,3.586126931077994,3
5,62,3.5833529273454032,10
19,64,3.5624666514216017,8
5,49,3.546638245712766,35
6,40,3.5427872860635703,35
22,25,3.5263581488933604,13
26,57,3.4701514701514697,6
45,68,3.451721330847405,35
47,50,3.4497574692442883,7
3,63,3.4469842657342658,3
38,63,3.4454548557308344,24
32,37,3.412098456403838,7
2,6,3.411865991024526,73
25,51,3.405675308801911,115
8,35,3.4048698355135345,3
24,42,3.3596881722720395,3
23,37,3.3472116119174937,11
13,58,3.3066884689160725,4
42,58,3.297321079485715,64
10,33,3.2972532296500687,10
57,69,3.2921949845026766,6
17,40,3.2762589928057557,11
30,48,3.2557045109755722,6
48,65,3.2557045109755722,6
13,32,3.2285161646863774,20
35,51,3.208244856117742,5
57,60,3.193920507353343,10
14,15,3.1755273369671895,2
24,64,3.164032881196818,5
47,69,3.1591185615790183,4
44,69,3.157268960547649,41
44,62,3.133832181413149,36
5,11,3.0906418998354104,3
33,40,3.08955223880597,100
58,61,3.0224953953767515,25
26,45,3.0119267211255343,20
36,49,3.005250365402569,84
44,65,3.003255840520935,3
33,57,3.002285276912142,94
45,69,3.0003423875827435,21
37,67,2.996922024623803,6
2,22,2.961602371911894,33
23,35,2.955979085849216,8
36,63,2.9546124471576904,22
10,51,2.9440364562021633,13
17,21,2.9059589716191194,3
19,48,2.8939595653116195,24
5,15,2.8805982755747515,12
51,58,2.8711072610680812,22
28,67,2.845481815932706,42
22,64,2.8223767484854245,50
40,58,2.8067796610169498,28
8,37,2.804010452775852,3
50,61,2.7961709401709407,7
47,54,2.7559152714827495,17
28,57,2.7318213701192424,48
36,50,2.7236154740162712,39
26,36,2.713234403255987,23
15,45,2.704885647612737,25
17,47,2.659114184926224,6
37,51,2.642083999155788,5
31,62,2.619907168643631,10
3,33,2.6195365502035277,47
32,54,2.6167973124300112,20
25,47,2.60627281330269,77
5,10,2.5971780670885796,25
48,62,2.5951267841109633,55
54,57,2.5904376325428955,23
45,50,2.5854378974141583,28
18,44,2.5742192918750866,15
25,55,2.5683917128818137,119
2,54,2.5655411934672165,51
21,61,2.5573174868949518,40
25,68,2.5565496450452208,5
41,49,2.5545259126362465,41
21,51,2.553450707506771,37
51,54,2.553087485500013,18
15,36,2.542583526900925,30
24,44,2.5290575499123658,8
47,49,2.5247054078192974,10
51,57,2.5227224509643786,115
37,57,2.517560870502047,6
23,26,2.516576789304062,6
36,58,2.5152902574031186,119
6,57,2.511405464950697,24
28,33,2.50450936805335,24
6,58,2.4901223677900983,4
23,68,2.472035607192486,9
25,32,2.458639233107318,90
15,31,2.457116820300726,14
51,67,2.4546803666575285,94
21,42,2.452013134692782,90
37,40,2.4352941176470586,6
35,67,2.4260797342192695,4
3,25,2.4210960914085917,59
26,34,2.41950481950482,28
40,51,2.419067145053819,114
2,14,2.4080553146988968,81
45,54,2.404785703130229,82
13,47,2.400109556524319,12
35,45,2.3880276146066732,18
25,58,2.3782720911050212,17
28,51,2.365227324776165,33
3,54,2.358462918660287,12
24,34,2.3558336400441666,7
10,67,2.3547244479187017,11
17,38,2.349643224456729,35
51,62,2.343413634033829,3
2,17,2.337903245845425,17
17,45,2.325034080408416,28
44,63,2.310196800400719,25
3,8,2.302156309239265,34
2,50,2.2938956553353935,15
13,31,2.289016295720783,39
41,54,2.2803816683533324,57
57,68,2.272488573373529,6
14,41,2.269742251549195,96
62,64,2.2652641207409103,13
45,62,2.2611275964391693,14
44,50,2.258448392071743,47
22,36,2.2541057402024633,55
49,55,2.253844222490309,14
15,25,2.243806678758135,4
44,68,2.232508766404943,42
31,63,2.2249057801404373,8
3,57,2.2189581252081254,73
14,67,2.2185612499547904,28
15,44,2.2159946007727283,38
28,54,2.207922732362822,6
45,58,2.185652393029837,81
14,42,2.1840585630011087,66
3,51,2.181971075439169,57
7,13,2.1815692294925526,26
51,55,2.1744637530594066,108
12,48,2.170469673983715,2
38,54,2.1609651068838125,88
17,61,2.1553218963290908,6
10,55,2.1456164086852523,13
19,34,2.1314685314685313,9
25,40,2.1154945054945054,93
32,47,2.097117002580114,72
55,68,2.0857319479935605,6
35,36,2.0784611370698043,20
6,61,2.0753975717300905,17
17,44,2.0741910841007893,48
26,48,2.0678123245385396,47
26,67,2.065446260213702,3
25,35,2.0635007849293565,3
7,10,2.0631129817373,19
36,37,2.0540086531042765,24
2,35,2.0481211208351726,9
3,23,2.0280367875925727,92
28,41,2.021614954213947,100
13,67,1.9849743279975836,12
17,55,1.9781942096677534,7
17,34,1.9781254716506513,43
6,51,1.976718102057875,15
25,54,1.9766165413533836,13
5,54,1.9519843577907854,30
13,61,1.9453879453879455,12
23,28,1.9398612750885478,47
41,60,1.9286810130351568,17
5,13,1.9266339115857103,24
51,61,1.9194627344294186,75
32,69,1.9122749590834696,3
23,49,1.9080602705788992,15
6,45,1.907308119245754,70
22,42,1.898039796854783,19
24,48,1.8848815589858576,11
44,49,1.8708806875376314,76
22,31,1.8671451089206723,22
57,62,1.8608058608058609,3
32,60,1.855192124483963,5
36,68,1.854060908111825,24
2,10,1.847324932517999,23
13,45,1.8452940658324297,51
47,61,1.8428191609210944,63
5,47,1.8395384711381233,127
7,54,1.83622770369029,27
42,49,1.8313054381646774,21
22,45,1.8311948844401724,35
38,58,1.8301371888037572,81
7,28,1.8213960772420428,52
2,8,1.819726834468241,105
7,49,1.8005511484273333,17
23,62,1.7992916174734357,4
3,47,1.7938318820897907,41
13,33,1.783514246947083,7
18,48,1.7673824488153105,19
32,55,1.7644076013956556,95
18,47,1.7600803414511672,1
25,61,1.7558373250680943,64
34,58,1.7495589156606106,112
8,57,1.746087095135146,45
15,48,1.7384829912976358,55
50,51,1.724752434648898,4
23,33,1.7140266788842091,74
31,54,1.712591949187047,36
54,61,1.708187134502924,13
60,64,1.7047998061373897,19
48,68,1.6998811163500778,59
8,23,1.6883652076926616,60
3,5,1.6858046726374964,96
38,49,1.6827187307701819,44
10,61,1.6783739136680313,8
5,21,1.6778900967096206,52
14,51,1.6764700958873426,20
6,41,1.672651590479217,45
21,55,1.6597726065019178,33
7,33,1.658593735671605,86
48,63,1.6528961363414445,33
25,67,1.6516004344492716,59
14,55,1.6494474269902415,27
6,7,1.6428443097401126,26
37,45,1.638842480612423,15
49,61,1.63710242398767,8
42,69,1.6367711608504807,6
13,38,1.6360317293851772,54
22,48,1.6354947543398415,107
3,7,1.633554843718582,89
21,58,1.6300576959445425,5
8,61,1.6296812887928027,36
3,67,1.628299253435518,45
3,21,1.625658392503783,17
42,54,1.6238492832648193,28
7,21,1.6214046494386682,49
13,44,1.6186378880729713,83
6,44,1.6154432394000138,110
21,33,1.607674814149483,16
22,44,1.6073763653492326,57
14,45,1.5944943326145131,92
6,23,1.5936268665764108,21
26,55,1.5924845278599482,3
40,69,1.5923076923076924,3
21,23,1.5896430423260828,40
32,61,1.581758299488796,67
25,57,1.575550456869138,67
13,51,1.574956565730528,9
2,58,1.5736975843705283,34
38,50,1.5676819593575293,21
32,67,1.5657677717301663,65
8,47,1.5638066497027598,28
7,51,1.563043647767956,118
3,55,1.562323836044419,56
2,33,1.554941706663917,108
5,28,1.545320949917705,47
10,45,1.5451943388631415,33
58,64,1.5429448481187387,52
48,60,1.5306670462049334,63
35,57,1.5285190999476712,3
43,62,1.5253927499020847,69
24,43,1.5253927499020845,19
12,43,1.5253927499020845,3
18,43,1.5253927499020845,35
9,43,1.5253927499020845,3
43,65,1.5253927499020845,6
33,55,1.524348373931612,52
33,58,1.520089624516642,8
25,33,1.5091274397244547,35
7,25,1.5051536814132045,105
13,36,1.5021605490640857,52
22,34,1.5010341770905151,50
7,8,1.4995150516687772,64
36,54,1.493210237947517,65
31,60,1.4839623440302359,11
57,61,1.4835199621524409,73
40,57,1.4827838827838828,88
58,67,1.4803198378287064,12
32,51,1.4780679847759468,57
34,63,1.4756320602474449,15
14,61,1.4754290119764457,19
24,38,1.473385300148054,3
37,44,1.4721842355494779,25
28,45,1.4671127100376107,99
8,25,1.4667131599135226,28
26,31,1.4657318484033286,6
26,43,1.4635525032844325,71
22,23,1.4571727887989092,10
15,43,1.4513445581592648,98
5,6,1.450863679140339,24
10,38,1.450686086840451,37
5,32,1.4496060352892324,124
15,32,1.448130551538938,3
6,38,1.4373612096798867,63
5,58,1.4368117306740888,24
41,58,1.4355913650650518,39
43,68,1.43089939371346,105
23,67,1.4285800087861398,95
8,55,1.4245252953960248,40
25,49,1.420771032246442,6
3,42,1.420549970567676,94
45,60,1.4138073937223592,17
13,23,1.4108082000643984,14
6,36,1.4086783061020773,66
43,69,1.4080548460634625,72
23,57,1.4021952073900126,111
15,64,1.4007757221609212,12
21,45,1.3983670026634043,98
43,56,1.3982766874102444,11
11,45,1.3930161085205595,3
31,69,1.390566112587773,6
64,69,1.3873067248324507,9
25,50,1.3866725274725273,3
51,69,1.3820131687891812,2
7,32,1.3807480535235275,112
48,69,1.3774134469512036,33
28,37,1.3709324155193992,1
2,13,1.365414080556782,22
61,67,1.3547339826409595,56
2,68,1.3533307701093769,8
38,62,1.3523826426479724,10
17,43,1.3498079729349381,122
47,58,1.3424341587339412,9
11,43,1.334718656164324,21
21,25,1.331631748533157,18
48,50,1.3283274404780334,51
10,48,1.3269047796833213,97
61,68,1.3256183344678922,3
7,69,1.325292549672004,4
2,28,1.3218370354326292,52
21,31,1.3193463372951857,57
38,69,1.3159723407305268,11
55,67,1.313182493419395,69
13,21,1.3114555099190182,3
42,63,1.309416928680385,4
40,54,1.3073684210526315,12
26,44,1.298705228333377,16
28,64,1.2950655862132718,81
10,47,1.2941767216552702,5
43,63,1.2907169422248408,55
47,67,1.2833919156414761,43
5,61,1.2796959813183655,108
45,49,1.2788344602811694,28
47,57,1.2786908463534123,51
28,36,1.2769269219763955,110
30,43,1.271160624918404,5
31,58,1.2693545386091778,28
35,41,1.2668787046407404,7
14,25,1.2579973681062329,14
5,33,1.2547083533660173,68
33,67,1.2546815341895174,33
10,32,1.2534239227605932,6
28,31,1.2500301756773067,52
19,43,1.2429126110313282,22
54,55,1.240461632227749,12
13,41,1.2339727642604612,25
43,50,1.2325173419208844,101
36,69,1.2310885196490378,11
25,28,1.229319616553659,16
37,43,1.2262961322742247,82
50,67,1.2227441860465116,3
40,55,1.2217407545760177,79
8,51,1.2216344873703096,25
10,25,1.2138239911349153,5
10,44,1.21139731382357,48
41,68,1.21082212478938,9
13,40,1.2097402597402598,9
14,31,1.2089058428251402,43
5,40,1.207053844345168,124
3,61,1.205735236985237,34
3,40,1.2055397727272728,41
34,62,1.2047430830039527,13
32,58,1.2038534851372933,10
17,41,1.2030790576444437,11
31,47,1.1966851900359923,112
21,36,1.1959800704214723,107
22,67,1.1959547985587946,5
23,69,1.1937607846698755,3
37,41,1.1923564278971672,8
14,38,1.1900125959723526,82
14,58,1.1879394032964425,3
5,50,1.1868064895367973,6
6,64,1.1758753005914824,40
2,21,1.1748505277005856,48
13,42,1.1744364498310271,17
10,23,1.1736975782048356,9
36,60,1.172624343003561,18
17,31,1.1704765120343126,9
33,51,1.1664603685825103,28
10,54,1.1627156125608136,1
33,61,1.1551345834927924,31
8,67,1.1547523666954815,25
42,61,1.1518019280058942,114
13,55,1.1478297570938587,9
17,48,1.1476943959554176,49
15,55,1.144115097685788,3
35,44,1.1440974630555942,16
43,53,1.1440445624265634,6
23,54,1.1434971726837755,14
17,33,1.1291313218082248,2
21,41,1.128998179807881,57
13,25,1.12554588268874,6
2,37,1.1244586545761734,6
7,62,1.1236175964610469,3
60,61,1.1178721775736702,3
22,55,1.1065150710012785,6
22,33,1.1052764347277695,3
17,67,1.099590095365568,3
14,36,1.0861009985310328,80
13,34,1.0795749704840616,52
54,64,1.075771179606918,34
10,42,1.0728416012297268,12
22,41,1.0706017222316113,15
33,41,1.0664471483841453,94
21,54,1.0629692027764672,3
37,48,1.0533161653156264,33
38,60,1.0445642053288444,15
8,32,1.036754692232017,23
28,34,1.028887070376432,121
6,28,1.0256853768922642,3
40,61,1.0222222222222224,52
17,36,1.004838765547416,16
14,34,1.004408965839759,101
7,47,0.9992100242694021,66
28,32,0.9917383431416928,15
38,68,0.9909494054093106,12
28,42,0.990333614610331,35
6,21,0.9875997483008743,3
21,57,0.9863938878023383,18
21,67,0.9785084715481046,15
34,50,0.9719496503496503,19
33,47,0.9654172022138864,21
31,67,0.963425165213428,110
6,55,0.9604226166392515,10
21,64,0.9544765003968888,62
6,34,0.9536888539333529,61
25,31,0.953531048631616,96
40,47,0.9458699472759228,39
7,55,0.936417952074933,97
15,34,0.9312241156901351,15
14,32,0.9278845835677177,12
23,60,0.9265009075049782,4
3,31,0.9244104271180084,72
10,36,0.9169681487072663,25
7,40,0.9157041042025068,90
10,31,0.9114635023684563,12
31,49,0.8890504654249696,12
5,35,0.8830405428101171,3
40,67,0.8825581395348837,44
21,47,0.8676452387435332,11
2,40,0.8654790038174879,115
14,57,0.865289194993705,13
28,61,0.8631796690307328,13
26,42,0.862622638826605,3
2,60,0.8559312146773856,6
35,43,0.8534935624452141,47
21,38,0.8483127485700918,71
6,25,0.8475993444208603,6
13,57,0.833737690880548,6
15,42,0.8263310714973303,4
14,44,0.8127006473571425,87
11,34,0.7993006993006992,3
21,40,0.7951344430217668,15
5,8,0.7845691132855076,35
32,33,0.7791806922832643,21
2,26,0.7749647484241196,3
32,63,0.7649099836333878,1
21,32,0.7639305854469174,12
7,37,0.7600942564295318,3
8,40,0.7506799637352675,20
18,36,0.7482460093451292,3
49,64,0.7391388288041745,15
34,49,0.7337842485383469,28
8,21,0.7324175830554082,6
32,62,0.7205673758865248,1
10,57,0.7193031058577276,4
8,42,0.7137687473881063,37
3,32,0.706237911025145,20
22,32,0.7002697033263409,3
17,64,0.6919899250962824,8
6,42,0.6763186459259934,13
26,61,0.6747516747516749,1
8,31,0.6719598712686158,41
26,32,0.6718803910293272,1
10,34,0.671681259916554,25
54,58,0.6700395055435199,1
34,60,0.6680722262811816,14
19,44,0.6673901867824299,3
33,45,0.6653211264575807,80
6,31,0.6629838434098184,15
41,62,0.6609801937256035,3
35,48,0.6588925796021992,17
57,63,0.6584389969005354,1
5,68,0.6564195185491136,3
32,45,0.6533673662659079,124
25,38,0.6511499504134165,127
26,64,0.6499094566782653,4
32,57,0.6475428432875241,32
64,68,0.6384066344361721,6
13,64,0.6245883090154757,16
40,62,0.6,1
8,14,0.5930721952994026,4
37,64,0.5893786739484268,5
45,51,0.5883368905284169,103
34,69,0.5738569123184508,7
28,47,0.573430430393,7
10,21,0.5657259062395764,1
7,14,0.5626825288654077,14
28,40,0.5505319148936171,10
14,64,0.5422650443357532,28
21,28,0.5371386928923637,3
31,37,0.5316870430482662,3
45,57,0.5306728032459274,117
40,45,0.5264942772361171,120
10,40,0.5218487394957982,3
23,42,0.5212739322779424,83
7,23,0.5186947818373902,68
45,63,0.5143444092998989,3
5,23,0.5108499007992413,70
26,38,0.50440217482546,4
34,37,0.5015220074043604,8
8,33,0.4980257371348155,7
15,61,0.48477304787984404,1
31,68,0.4799298972648067,3
36,67,0.4736957940298623,112
3,14,0.4646013007210519,4
17,42,0.4592379516055306,3
25,60,0.43117926849270133,1
8,64,0.4251220970021472,39
41,55,0.42024217023570315,74
2,67,0.41676883272808746,45
6,43,0.413981895450199,111
32,49,0.40753400767352627,2
11,48,0.40696306387194653,3
43,58,0.40627894065188697,110
8,10,0.40057292182512166,1
34,68,0.39611362089238206,7
22,38,0.3942862070818736,9
42,68,0.37660221400099564,2
36,61,0.37305712716637507,90
43,54,0.3652914216870781,91
6,32,0.3646881340061384,3
5,41,0.3646036996191549,102
7,22,0.3639887988535786,3
34,67,0.3624735729386892,117
36,57,0.3588454270838465,101
7,64,0.34867346864798554,118
42,50,0.34044840145690003,2
38,40,0.32696778773626767,89
23,64,0.32648934334899865,92
41,42,0.319924043583902,104
10,41,0.31938118604388405,5
42,62,0.30837717523269936,1
17,57,0.307903128047013,1
34,35,0.3044955044955045,4
10,64,0.30310903231633374,6
3,64,0.2988752650562335,35
32,38,0.2956059081305709,67
34,57,0.2940854017777095,112
14,23,0.2896215900598764,6
14,47,0.28741591889949075,3
55,61,0.27978123234006685,15
23,41,0.2737175949814114,61
15,38,0.2717895213865343,3
28,55,0.26117875678554114,5
38,61,0.2569912315231332,57
45,47,0.254611028622387,39
7,31,0.2532340844009683,57
8,54,0.25088514577468146,1
3,48,0.24510275437742232,105
2,64,0.24042278573718773,110
38,42,0.23224750077202225,122
5,14,0.2307166581525656,6
2,31,0.23003365978092596,70
42,45,0.20971347323741327,93
37,42,0.2086080891280025,1
3,44,0.20050145526205101,47
48,67,0.1955946508531836,124
7,36,0.19522925696438412,91
2,38,0.19507646372317144,115
5,7,0.18229394346534739,30
44,60,0.17929885615050356,4
7,34,0.17757872503510252,112
28,43,0.1744465112919937,86
42,64,0.16786916662278542,69
2,7,0.15503104084965183,33
38,41,0.14839647618473484,110
44,61,0.1426047407654765,50
2,34,0.13948894225207623,120
13,43,0.13371949430959834,27
5,36,0.1272587068170649,62
33,48,0.12391114183563745,51
44,57,0.11489867684532676,47
38,45,0.11174785358972275,112
23,44,0.10991845461174612,62
7,44,0.1048076503696173,71
2,44,0.10154618911777746,93
41,45,0.09827842431083317,61
25,43,0.09303219518633593,111
48,54,0.08567643449935716,10
32,34,0.0786073500967118,26
43,57,0.07636276281561107,122
23,55,0.06956543982387021,6
33,34,0.06680722262811815,14
31,48,0.06492379633370575,115
32,43,0.06346787801011036,88
8,43,0.062232705118398735,45
43,61,0.06156618411285717,85
44,45,0.05983595782301142,94
25,64,0.059456002492819314,9
45,67,0.059392159665605244,11
23,45,0.05920729622991752,18
61,64,0.05709081172150004,10
44,64,0.05700211176840557,83
23,43,0.050876440595907776,112
7,67,0.050083730074814106,4
41,44,0.04949706026013973,57
48,58,0.04729837061949984,6
34,41,0.04714683899301508,51
23,34,0.037747376590351794,20
33,43,0.03756564234833492,33
5,64,0.036751287169321134,13
5,43,0.0358662767435242,100
45,64,0.03567752210251605,28
43,55,0.03532848356142296,62
33,44,0.03137729982633813,7
2,36,0.03015109957065449,19
5,34,0.025559580320925254,17
38,44,0.021853490010002363,41
41,48,0.02165135282707479,46
40,43,0.019818094782192437,33
34,48,0.0197975342716666,100
7,43,0.01836919261371397,49
41,43,0.01653960622273476,75
2,43,0.014141979684603947,51
43,64,0.013952826434046052,80
34,44,0.013514194721711715,37
36,48,0.012973087873719695,48
38,64,0.012803256667190956,12
36,43,0.012536433856907388,99
43,44,0.010107131946572331,115
44,48,0.009298293571073205,50
36,38,0.0061972042067215734,8
2,48,0.0053265480092310755,9
43,48,0.005006087850695717,105
3,43,0.004333502130403649,4
45,55,0.004162917022101037,1
36,41,0.0012620408812625671,1
