code_a,code_b,anteil_b_folgt_a,n_a
56,43,1.0,24
19,43,0.9215686274509803,51
56,42,0.8333333333333334,24
56,38,0.8333333333333334,24
26,48,0.822429906542056,107
63,48,0.7840909090909091,88
6,43,0.7392055267702936,579
24,43,0.7222222222222222,36
11,43,0.72,50
54,48,0.7086614173228346,508
19,48,0.7058823529411765,51
33,43,0.68,1875
44,48,0.6614516939004134,25887
11,40,0.66,50
60,43,0.6588235294117647,170
49,48,0.6558441558441559,308
55,48,0.6522672390662732,3727
18,38,0.6486486486486487,37
57,48,0.6439372325249644,3505
11,33,0.64,50
50,48,0.6379310344827587,116
64,43,0.6376696633174687,11346
5,43,0.6358732299393122,5932
58,48,0.6357827476038339,626
10,43,0.6343490304709142,361
22,43,0.6296296296296297,351
38,43,0.6290020050449519,15461
7,43,0.6274821286735505,5036
2,43,0.6255459960291198,7555
45,48,0.6215778731789711,14209
41,43,0.6206650346797226,9804
62,43,0.6195652173913043,92
67,43,0.619188921859545,3033
25,43,0.6186590989712664,2819
32,43,0.6186584950629894,2937
34,43,0.6153809157368219,20792
28,48,0.6141078838174274,964
25,48,0.6140475345867329,2819
8,43,0.6100203114421124,1477
3,43,0.605707629586488,1717
23,48,0.6005825242718447,5150
5,48,0.5996291301416049,5932
45,43,0.5984939123090999,14209
18,43,0.5945945945945946,37
28,43,0.5923236514522822,964
57,43,0.5917261055634807,3505
23,43,0.5902912621359223,5150
68,45,0.5882352941176471,102
21,43,0.5871946082561078,1187
15,43,0.5854922279792746,193
47,43,0.5830521184851893,2667
40,43,0.5827211284161035,3403
42,48,0.5808984425279958,7769
48,43,0.5791515454886748,47946
68,43,0.5784313725490197,102
36,43,0.5771262699564587,17225
13,48,0.5740740740740741,378
58,43,0.5734824281150159,626
6,48,0.5734024179620034,579
55,43,0.572578481352294,3727
42,43,0.5721457072982365,7769
54,43,0.5708661417322834,508
60,48,0.5705882352941176,170
51,43,0.5692201992442459,2911
61,43,0.5615526802218115,2705
50,43,0.5603448275862069,116
38,48,0.5601190091197206,15461
31,43,0.5593286494925839,7686
51,48,0.5582274132600481,2911
36,48,0.5568069666182873,17225
44,43,0.549851276702592,25887
7,48,0.5486497220015886,5036
40,48,0.5486335586247428,3403
34,48,0.5474220854174683,20792
22,48,0.5470085470085471,351
64,48,0.5440683941477172,11346
18,48,0.5405405405405406,37
68,48,0.5392156862745098,102
14,43,0.5391752577319587,970
61,48,0.5308687615526803,2705
15,48,0.5284974093264249,193
24,48,0.5277777777777778,36
3,48,0.5276645311589983,1717
41,48,0.5250917992656059,9804
63,43,0.5227272727272727,88
2,48,0.5227001985440106,7555
62,48,0.5217391304347826,92
17,43,0.5195530726256983,179
13,43,0.5158730158730159,378
21,48,0.5139005897219882,1187
67,48,0.508077810748434,3033
69,48,0.5079365079365079,126
32,48,0.5049370105549881,2937
24,31,0.5,36
47,48,0.49643794525684287,2667
33,48,0.4805333333333333,1875
62,36,0.4782608695652174,92
37,43,0.47643979057591623,191
49,43,0.461038961038961,308
62,44,0.45652173913043476,92
19,64,0.45098039215686275,51
55,44,0.4504963777837403,3727
26,34,0.4485981308411215,107
8,48,0.44752877454299256,1477
25,44,0.44377438808087977,2819
35,43,0.43119266055045874,109
10,48,0.4293628808864266,361
43,48,0.4263675013152469,70329
15,44,0.42487046632124353,193
22,44,0.42165242165242167,351
68,44,0.4215686274509804,102
24,44,0.4166666666666667,36
45,44,0.4118516433246534,14209
6,44,0.40241796200345425,579
26,45,0.40186915887850466,107
42,44,0.40056635345604324,7769
31,48,0.3931824095758522,7686
19,34,0.39215686274509803,51
57,44,0.38944365192582026,3505
48,44,0.3881867100488049,47946
49,36,0.38636363636363635,308
32,44,0.38508682328907046,2937
5,44,0.38334457181389076,5932
28,44,0.37863070539419086,964
18,23,0.3783783783783784,37
54,44,0.3779527559055118,508
23,44,0.3737864077669903,5150
68,36,0.3627450980392157,102
61,44,0.3626617375231054,2705
50,36,0.3620689655172414,116
35,31,0.3577981651376147,109
69,44,0.35714285714285715,126
37,44,0.35602094240837695,191
55,36,0.3555138180842501,3727
26,43,0.35514018691588783,107
36,44,0.3418867924528302,17225
17,44,0.3407821229050279,179
50,64,0.33620689655172414,116
54,45,0.3346456692913386,508
40,44,0.33029679694387304,3403
35,44,0.3302752293577982,109
63,44,0.32954545454545453,88
47,44,0.32920884889388824,2667
38,44,0.32533471314921414,15461
34,44,0.3192574066948827,20792
63,23,0.3181818181818182,88
3,44,0.31042516016307514,1717
64,44,0.30883130618720256,11346
26,36,0.308411214953271,107
7,44,0.30758538522637013,5036
17,38,0.30726256983240224,179
33,44,0.3072,1875
13,44,0.30687830687830686,378
3,34,0.30576587070471756,1717
15,36,0.30569948186528495,193
35,45,0.30275229357798167,109
6,45,0.3022452504317789,579
37,48,0.29842931937172773,191
14,48,0.2907216494845361,970
17,34,0.2905027932960894,179
50,44,0.28448275862068967,116
51,44,0.2823771899690828,2911
61,36,0.27948243992606286,2705
49,44,0.2792207792207792,308
69,43,0.2777777777777778,126
41,44,0.2766217870257038,9804
58,44,0.2763578274760383,626
33,36,0.2752,1875
21,44,0.2746419545071609,1187
23,34,0.27436893203883495,5150
22,36,0.27350427350427353,351
26,44,0.27102803738317754,107
18,44,0.2702702702702703,37
15,41,0.2694300518134715,193
58,36,0.26517571884984026,626
15,45,0.26424870466321243,193
67,44,0.26376524892845365,3033
22,45,0.2621082621082621,351
22,64,0.2621082621082621,351
40,34,0.26153394064061125,3403
62,38,0.2608695652173913,92
44,45,0.25649940124386755,25887
55,45,0.25596994902066006,3727
68,7,0.2549019607843137,102
55,34,0.2546283874429836,3727
51,36,0.2542081758845757,2911
67,2,0.25387405209363667,3033
58,45,0.2507987220447284,626
22,5,0.25071225071225073,351
63,38,0.25,88
24,38,0.25,36
24,5,0.25,36
63,41,0.25,88
35,51,0.24770642201834864,109
2,44,0.2472534745201853,7555
54,34,0.2440944881889764,508
47,34,0.24371953505811775,2667
64,34,0.24140666314119513,11346
25,36,0.24051081943951755,2819
11,48,0.24,50
62,45,0.2391304347826087,92
63,36,0.23863636363636365,88
42,34,0.2372248680653881,7769
47,36,0.23659542557180352,2667
38,36,0.2364012677058405,15461
23,36,0.23592233009708738,5150
5,36,0.23583951449763993,5932
60,22,0.23529411764705882,170
3,64,0.23529411764705882,1717
54,38,0.234251968503937,508
49,45,0.23376623376623376,308
32,34,0.23255022131426625,2937
57,36,0.23195435092724678,3505
43,44,0.2315403318687881,70329
51,34,0.23119203023016147,2911
45,34,0.2308396086987121,14209
5,34,0.2306136210384356,5932
13,34,0.23015873015873015,378
61,45,0.2299445471349353,2705
42,36,0.22975929978118162,7769
44,36,0.22868621315718315,25887
45,36,0.22865789288479133,14209
44,34,0.22741144203654343,25887
23,45,0.22679611650485437,5150
48,45,0.226775956284153,47946
57,34,0.22624821683309557,3505
42,45,0.22602651563907838,7769
40,45,0.22509550396708786,3403
13,36,0.22486772486772486,378
6,36,0.22452504317789293,579
50,45,0.22413793103448276,116
48,34,0.22348058232177867,47946
61,34,0.22255083179297597,2705
24,42,0.2222222222222222,36
22,34,0.2222222222222222,351
69,45,0.2222222222222222,126
69,34,0.2222222222222222,126
24,7,0.2222222222222222,36
25,34,0.22206456190138346,2819
5,45,0.22167902899527983,5932
32,36,0.2216547497446374,2937
10,44,0.22160664819944598,361
11,23,0.22,50
11,32,0.22,50
11,45,0.22,50
11,34,0.22,50
64,36,0.21998942358540455,11346
28,36,0.21991701244813278,964
48,36,0.21843323739206608,47946
41,36,0.21807425540595676,9804
10,38,0.21606648199445982,361
33,34,0.216,1875
36,34,0.21561683599419448,17225
26,5,0.21495327102803738,107
69,61,0.21428571428571427,126
10,45,0.21329639889196675,361
38,34,0.21247008602289633,15461
60,36,0.21176470588235294,170
7,34,0.21167593328038126,5036
41,34,0.21113831089351284,9804
47,45,0.21034870641169853,2667
34,36,0.20984032320123125,20792
69,38,0.20634920634920634,126
3,45,0.20617355853232383,1717
68,38,0.20588235294117646,102
40,36,0.20481927710843373,3403
25,45,0.2032635686413622,2819
8,44,0.2024373730534868,1477
34,45,0.20204886494805693,20792
35,36,0.2018348623853211,109
40,38,0.20070526006464884,3403
36,45,0.2004644412191582,17225
31,44,0.1990632318501171,7686
32,45,0.19884235614572693,2937
67,36,0.1974942301351797,3033
6,2,0.19689119170984457,579
26,42,0.19626168224299065,107
19,67,0.19607843137254902,51
19,51,0.19607843137254902,51
19,47,0.19607843137254902,51
19,57,0.19607843137254902,51
19,44,0.19607843137254902,51
68,23,0.19607843137254902,102
19,14,0.19607843137254902,51
58,34,0.19488817891373802,626
57,45,0.19457917261055635,3505
24,64,0.19444444444444445,36
24,34,0.19444444444444445,36
3,36,0.19336051252184042,1717
63,55,0.19318181818181818,88
35,48,0.1926605504587156,109
51,45,0.19237375472346271,2911
21,36,0.19123841617523168,1187
2,34,0.19060225016545335,7555
17,5,0.18994413407821228,179
43,34,0.18946664960400403,70329
49,2,0.18831168831168832,308
25,38,0.18659098971266405,2819
15,64,0.18652849740932642,193
68,32,0.18627450980392157,102
67,34,0.18562479393339928,3033
54,36,0.18503937007874016,508
58,38,0.18370607028753994,626
8,34,0.18280297901150983,1477
2,36,0.18213103904698874,7555
6,38,0.18134715025906736,579
38,45,0.1811655132268288,15461
21,45,0.18028643639427128,1187
43,36,0.17978358856232848,70329
54,41,0.17913385826771652,508
17,48,0.1787709497206704,179
7,45,0.17871326449563146,5036
26,64,0.17757009345794392,107
68,57,0.17647058823529413,102
28,45,0.17634854771784234,964
7,36,0.17573471008737093,5036
6,34,0.17443868739205526,579
35,7,0.1743119266055046,109
33,42,0.1728,1875
22,57,0.17094017094017094,351
13,38,0.1693121693121693,378
17,41,0.16759776536312848,179
17,2,0.16759776536312848,179
36,38,0.1670246734397678,17225
68,2,0.16666666666666666,102
2,45,0.16598279285241563,7555
15,34,0.16580310880829016,193
41,45,0.16554467564259487,9804
64,45,0.1654327516305306,11346
60,45,0.16470588235294117,170
50,34,0.16379310344827586,116
33,38,0.16373333333333334,1875
10,36,0.1634349030470914,361
55,38,0.1634022001609874,3727
44,38,0.16332522115347473,25887
62,34,0.16304347826086957,92
62,64,0.16304347826086957,92
37,45,0.16230366492146597,191
48,38,0.16088933383389648,47946
2,38,0.16068828590337525,7555
61,38,0.16007393715341958,2705
57,64,0.15977175463623394,3505
23,38,0.15922330097087378,5150
8,36,0.15910629654705485,1477
63,34,0.1590909090909091,88
69,57,0.15873015873015872,126
69,32,0.15873015873015872,126
69,31,0.15873015873015872,126
8,45,0.15775220040622884,1477
34,38,0.15746440938822623,20792
42,38,0.15690565066289097,7769
14,34,0.15670103092783505,970
17,23,0.1564245810055866,179
21,34,0.15585509688289806,1187
28,34,0.15560165975103735,964
31,36,0.15521727816809783,7686
2,67,0.15486432825943083,7555
57,38,0.15378031383737517,3505
67,45,0.15364325750082428,3033
41,38,0.15350877192982457,9804
17,45,0.15083798882681565,179
7,2,0.15051628276409848,5036
3,41,0.1496796738497379,1717
45,38,0.14948272221831232,14209
43,45,0.1483314137837876,70329
54,64,0.14763779527559054,508
8,38,0.14759647935003387,1477
68,6,0.14705882352941177,102
25,42,0.14686058886129832,2819
5,38,0.1468307484828051,5932
22,47,0.1452991452991453,351
17,42,0.1452513966480447,179
28,41,0.14522821576763487,964
67,38,0.1434223541048467,3033
31,34,0.1429872495446266,7686
13,31,0.14285714285714285,378
49,41,0.14285714285714285,308
14,44,0.1422680412371134,970
58,42,0.14217252396166133,626
28,38,0.1421161825726141,964
62,55,0.14130434782608695,92
26,57,0.14018691588785046,107
49,5,0.1396103896103896,308
34,64,0.13947672181608312,20792
14,36,0.13917525773195877,970
55,64,0.1379125301851355,3727
13,45,0.13756613756613756,378
68,40,0.13725490196078433,102
61,64,0.13715341959334565,2705
49,57,0.13636363636363635,308
63,32,0.13636363636363635,88
63,45,0.13636363636363635,88
49,64,0.13636363636363635,308
14,45,0.1360824742268041,970
8,41,0.13540961408259986,1477
60,64,0.13529411764705881,170
69,7,0.1349206349206349,126
25,64,0.13479957431713374,2819
61,41,0.1345656192236599,2705
43,38,0.13381393166403618,70329
49,38,0.1331168831168831,308
13,41,0.13227513227513227,378
6,64,0.13126079447322972,579
7,41,0.130659253375695,5036
62,21,0.13043478260869565,92
14,41,0.12989690721649486,970
60,31,0.12941176470588237,170
60,21,0.12941176470588237,170
21,42,0.12889637742207244,1187
44,42,0.1283655889056283,25887
47,38,0.12823397075365578,2667
58,23,0.12779552715654952,626
5,64,0.12778152393796358,5932
68,41,0.12745098039215685,102
69,55,0.12698412698412698,126
69,64,0.12698412698412698,126
55,41,0.12637510061711832,3727
33,31,0.12586666666666665,1875
10,33,0.12465373961218837,361
41,64,0.12403100775193798,9804
48,64,0.12386851875026071,47946
61,55,0.12384473197781885,2705
49,51,0.12337662337662338,308
17,36,0.12290502793296089,179
2,64,0.1228325612177366,7555
14,42,0.12268041237113401,970
22,2,0.1225071225071225,351
21,38,0.12215669755686605,1187
32,38,0.12189308818522301,2937
26,51,0.12149532710280374,107
26,14,0.12149532710280374,107
47,64,0.12148481439820022,2667
45,42,0.12126117249630516,14209
50,55,0.1206896551724138,116
49,67,0.12012987012987013,308
42,64,0.12009267602007981,7769
62,17,0.11956521739130435,92
62,40,0.11956521739130435,92
62,5,0.11956521739130435,92
62,41,0.11956521739130435,92
25,23,0.11954593827598439,2819
6,41,0.11917098445595854,579
6,5,0.11917098445595854,579
10,28,0.11911357340720222,361
64,38,0.11898466419883659,11346
7,23,0.1187450357426529,5036
55,23,0.11859404346659512,3727
8,2,0.11848341232227488,1477
58,41,0.1182108626198083,626
5,2,0.11783546864463924,5932
68,5,0.11764705882352941,102
68,34,0.11764705882352941,102
68,55,0.11764705882352941,102
68,31,0.11764705882352941,102
60,38,0.11764705882352941,170
68,10,0.11764705882352941,102
14,2,0.11752577319587629,970
55,42,0.11671585725784814,3727
44,64,0.11669950168038011,25887
36,64,0.11663280116110304,17225
10,2,0.11634349030470914,361
3,38,0.11531741409435062,1717
23,42,0.1141747572815534,5150
25,41,0.11387016672578928,2819
63,33,0.11363636363636363,88
33,64,0.1136,1875
58,64,0.1134185303514377,626
32,64,0.11338100102145046,2937
26,31,0.11214953271028037,107
67,64,0.11210023079459282,3033
58,2,0.11182108626198083,626
51,38,0.11164548265200962,2911
5,42,0.11109238031018207,5932
45,64,0.1109156168625519,14209
6,57,0.11053540587219343,579
67,42,0.11045169798878998,3033
35,61,0.11009174311926606,109
55,57,0.10973973705393078,3727
47,42,0.10911136107986502,2667
51,42,0.10889728615596016,2911
62,31,0.10869565217391304,92
62,7,0.10869565217391304,92
62,61,0.10869565217391304,92
25,5,0.10854913089748137,2819
8,23,0.1083276912660799,1477
10,5,0.10803324099722991,361
10,31,0.10803324099722991,361
68,25,0.10784313725490197,102
57,2,0.10613409415121255,3505
36,41,0.10600870827285921,17225
60,3,0.10588235294117647,170
64,41,0.10558787237793055,11346
40,64,0.10549515133705555,3403
22,31,0.10541310541310542,351
40,42,0.1052012929767852,3403
54,2,0.10433070866141732,508
33,57,0.104,1875
15,23,0.10362694300518134,193
33,45,0.10346666666666667,1875
50,7,0.10344827586206896,116
57,42,0.10299572039942939,3505
26,47,0.102803738317757,107
51,31,0.10202679491583648,2911
43,64,0.10170768815140269,70329
47,41,0.10123734533183353,2667
35,41,0.10091743119266056,109
48,42,0.10088432820256121,47946
49,34,0.10064935064935066,308
13,5,0.10052910052910052,378
36,55,0.10026124818577649,17225
2,7,0.100066181336863,7555
14,38,0.1,970
10,32,0.0997229916897507,361
45,5,0.0988809909212471,14209
36,42,0.09875181422351234,17225
38,41,0.09857059698596468,15461
7,67,0.09849086576648133,5036
55,5,0.09847061980144889,3727
15,14,0.09844559585492228,193
6,67,0.09844559585492228,579
15,25,0.09844559585492228,193
6,7,0.09844559585492228,579
57,5,0.09728958630527818,3505
22,42,0.09686609686609686,351
48,41,0.09648354398698536,47946
51,64,0.09584335279972518,2911
69,28,0.09523809523809523,126
23,7,0.09514563106796116,5150
7,38,0.09511517077045274,5036
23,64,0.09495145631067961,5150
5,41,0.0947403910991234,5932
54,31,0.09448818897637795,508
25,2,0.09435970202199362,2819
49,23,0.09415584415584416,308
34,42,0.09368988072335514,20792
26,40,0.09345794392523364,107
26,55,0.09345794392523364,107
34,41,0.09320892651019623,20792
44,41,0.09301966237880017,25887
58,7,0.0926517571884984,626
28,42,0.09232365145228216,964
57,41,0.09215406562054208,3505
23,55,0.09203883495145632,5150
3,5,0.09202096680256261,1717
35,37,0.09174311926605505,109
6,40,0.09153713298791019,579
10,25,0.09141274238227147,361
10,47,0.09141274238227147,361
23,41,0.0912621359223301,5150
32,2,0.09124957439564181,2937
51,41,0.09103400893163861,2911
7,64,0.09054805401111994,5036
57,31,0.09044222539229672,3505
51,2,0.09000343524562006,2911
6,23,0.08981001727115717,579
25,31,0.08974813763746009,2819
38,2,0.089709591876334,15461
2,42,0.08947716743878226,7555
58,31,0.08945686900958466,626
31,64,0.08938329430132709,7686
28,23,0.08921161825726141,964
51,23,0.08897286155960152,2911
10,51,0.0886426592797784,361
51,5,0.08862933699759533,2911
68,64,0.08823529411764706,102
68,21,0.08823529411764706,102
60,57,0.08823529411764706,170
60,25,0.08823529411764706,170
7,31,0.08816521048451152,5036
44,5,0.08803646617993588,25887
48,2,0.08734826680015016,47946
57,55,0.08701854493580599,3505
62,42,0.08695652173913043,92
42,5,0.08649761874115072,7769
58,57,0.08626198083067092,626
50,49,0.08620689655172414,116
50,42,0.08620689655172414,116
50,23,0.08620689655172414,116
10,42,0.08587257617728532,361
23,5,0.0858252427184466,5150
33,2,0.0848,1875
33,41,0.0848,1875
54,42,0.08464566929133858,508
38,64,0.08440592458443827,15461
26,3,0.08411214953271028,107
32,23,0.08409942117807287,2937
28,51,0.08402489626556017,964
3,57,0.08386721025043681,1717
64,42,0.08381808566895822,11346
32,42,0.08341845420497106,2937
61,2,0.08317929759704251,2705
45,41,0.08311633471743261,14209
43,41,0.08310938588633422,70329
58,55,0.08306709265175719,626
36,5,0.08284470246734398,17225
32,41,0.08273748723186926,2937
35,23,0.08256880733944955,109
34,2,0.08224317045017314,20792
3,2,0.08211997670355271,1717
58,40,0.08146964856230032,626
48,5,0.08134150919784758,47946
49,54,0.08116883116883117,308
18,28,0.08108108108108109,37
18,7,0.08108108108108109,37
5,23,0.08091706001348618,5932
38,42,0.08091326563611669,15461
25,32,0.08087974459028024,2819
64,2,0.08082143486691346,11346
5,57,0.08074848280512474,5932
2,41,0.08074123097286565,7555
32,7,0.08069458631256383,2937
32,5,0.08069458631256383,2937
40,41,0.08051719071407581,3403
10,34,0.08033240997229917,361
61,23,0.08022181146025878,2705
67,7,0.08011869436201781,3033
7,5,0.07982525814138205,5036
45,2,0.07980857203181083,14209
36,2,0.07959361393323658,17225
47,2,0.07949006374203224,2667
69,36,0.07936507936507936,126
69,51,0.07936507936507936,126
47,55,0.07836520434945632,2667
17,40,0.0782122905027933,179
67,57,0.0781404549950544,3033
36,23,0.07796806966618287,17225
49,42,0.07792207792207792,308
44,23,0.0779155560706146,25887
33,40,0.07786666666666667,1875
43,2,0.07777730381492698,70329
15,47,0.07772020725388601,193
50,38,0.07758620689655173,116
50,2,0.07758620689655173,116
21,31,0.07750631844987363,1187
34,5,0.07743362831858407,20792
42,23,0.07697258334405972,7769
67,41,0.07682162875041214,3033
54,5,0.07677165354330709,508
55,51,0.07673732224309096,3727
60,23,0.07647058823529412,170
7,57,0.07625099285146943,5036
23,2,0.07611650485436894,5150
62,57,0.07608695652173914,92
47,23,0.07574053243344582,2667
42,57,0.07542798300939632,7769
43,31,0.07508993445093773,70329
61,31,0.07504621072088724,2705
21,51,0.07497893850042123,1187
32,25,0.0749063670411985,2937
10,58,0.07479224376731301,361
26,32,0.07476635514018691,107
28,2,0.07468879668049792,964
28,31,0.07468879668049792,964
28,7,0.07468879668049792,964
32,31,0.0745658835546476,2937
42,2,0.07439824945295405,7769
47,5,0.07424071991001124,2667
57,7,0.07417974322396577,3505
64,5,0.07412303895646043,11346
34,23,0.07411504424778761,20792
22,25,0.07407407407407407,351
22,61,0.07407407407407407,351
45,23,0.07361531423745514,14209
67,5,0.07352456313880647,3033
55,47,0.07351757445666757,3727
58,5,0.07348242811501597,626
2,5,0.07346128391793515,7555
37,55,0.07329842931937172,191
37,34,0.07329842931937172,191
61,5,0.07319778188539741,2705
43,42,0.0730566338210411,70329
36,57,0.07280116110304789,17225
31,45,0.0727296383034088,7686
48,23,0.0723522295916239,47946
42,41,0.07130904878362723,7769
5,7,0.07113958192852327,5932
64,57,0.07112638815441566,11346
3,42,0.07105416423995341,1717
54,67,0.07086614173228346,508
60,58,0.07058823529411765,170
58,51,0.07028753993610223,626
31,38,0.06960707780379911,7686
25,55,0.06952820148989003,2819
38,5,0.06946510574995149,15461
41,2,0.06946144430844553,9804
5,55,0.06945380984490897,5932
48,31,0.0690777124264798,47946
14,31,0.06907216494845361,970
41,42,0.06864545083639331,9804
55,61,0.06841964046149718,3727
63,42,0.06818181818181818,88
49,31,0.06818181818181818,308
63,7,0.06818181818181818,88
44,2,0.0681036813844787,25887
37,23,0.06806282722513089,191
3,23,0.0675596971461852,1717
15,6,0.06735751295336788,193
15,51,0.06735751295336788,193
51,57,0.06733081415321196,2911
61,42,0.06728280961182995,2705
17,64,0.0670391061452514,179
41,5,0.06701346389228886,9804
40,31,0.06699970614163973,3403
54,51,0.06692913385826772,508
21,64,0.06655433866891322,1187
48,57,0.06636632878655153,47946
44,57,0.06628809827326457,25887
13,64,0.06613756613756613,378
38,23,0.06539033697690964,15461
28,64,0.06535269709543569,964
62,54,0.06521739130434782,92
49,7,0.06493506493506493,308
42,55,0.0644870639721972,7769
31,41,0.06440281030444965,7686
8,57,0.06431956668923494,1477
47,31,0.06411698537682789,2667
58,25,0.06389776357827476,626
55,2,0.06385833109739737,3727
64,31,0.06372289793759915,11346
41,7,0.06364749082007344,9804
36,31,0.06357039187227867,17225
45,25,0.06355127032162713,14209
40,25,0.06317954745812518,3403
40,5,0.06288568909785483,3403
37,67,0.06282722513089005,191
37,36,0.06282722513089005,191
55,25,0.06251676951972096,3727
25,7,0.06243348705214615,2819
34,31,0.06237976144671027,20792
8,7,0.06228842247799594,1477
15,55,0.06217616580310881,193
15,57,0.06217616580310881,193
3,31,0.06173558532323821,1717
49,21,0.06168831168831169,308
49,55,0.06168831168831169,308
43,5,0.06152511766127771,70329
21,5,0.061499578770008424,1187
17,61,0.061452513966480445,179
17,21,0.061452513966480445,179
28,67,0.061203319502074686,964
23,32,0.06116504854368932,5150
3,7,0.061153174140943505,1717
57,67,0.06105563480741798,3505
10,57,0.060941828254847646,361
33,55,0.0608,1875
5,25,0.060687795010114634,5932
50,13,0.0603448275862069,116
28,5,0.06016597510373444,964
45,55,0.05939897248222957,14209
2,57,0.05929847782925215,7555
44,55,0.059296171823695294,25887
42,25,0.05920967949543056,7769
2,31,0.05890138980807412,7555
60,34,0.058823529411764705,170
49,58,0.05844155844155844,308
34,7,0.05824355521354367,20792
33,5,0.058133333333333335,1875
32,40,0.057882192713653385,2937
37,57,0.05759162303664921,191
37,38,0.05759162303664921,191
37,3,0.05759162303664921,191
33,23,0.05706666666666667,1875
15,26,0.05699481865284974,193
22,3,0.05698005698005698,351
34,57,0.05660831088880339,20792
23,51,0.05650485436893204,5150
21,41,0.05644481887110362,1187
48,7,0.05635506611604722,47946
17,33,0.055865921787709494,179
61,57,0.05582255083179297,2705
42,32,0.055734328742437896,7769
14,51,0.05567010309278351,970
2,23,0.05559232296492389,7555
55,31,0.055540649315803596,3727
40,32,0.05553923009109609,3403
3,51,0.0553290623179965,1717
41,23,0.05528355773153815,9804
67,23,0.0550609957138147,3033
35,32,0.05504587155963303,109
35,34,0.05504587155963303,109
3,25,0.054746651135701804,1717
3,55,0.054746651135701804,1717
45,32,0.05468365120698149,14209
44,31,0.054467493336423686,25887
40,2,0.054363796650014694,3403
44,25,0.054274346196932825,25887
22,23,0.05413105413105413,351
18,42,0.05405405405405406,37
23,25,0.05398058252427185,5150
41,31,0.05385556915544676,9804
45,57,0.05383911605320572,14209
51,25,0.05358983167296462,2911
5,51,0.05343897505057316,5932
45,7,0.05341684847631783,14209
2,25,0.053342157511581736,7555
54,23,0.0531496062992126,508
48,55,0.05301797855921245,47946
60,41,0.052941176470588235,170
28,33,0.052904564315352696,964
40,57,0.05289450484866295,3403
64,55,0.052793936188965274,11346
47,61,0.05249343832020997,2667
37,61,0.05235602094240838,191
37,28,0.05235602094240838,191
37,42,0.05235602094240838,191
37,40,0.05235602094240838,191
42,67,0.05225897798944523,7769
43,7,0.05221174764321972,70329
36,51,0.05195936139332366,17225
49,32,0.05194805194805195,308
5,67,0.051753202966958865,5932
50,51,0.05172413793103448,116
50,24,0.05172413793103448,116
38,57,0.051549058922450035,15461
8,64,0.05145565335138795,1477
44,32,0.05145439796036621,25887
43,23,0.05104579903027201,70329
8,55,0.05077860528097495,1477
40,23,0.050543637966500146,3403
36,7,0.050333817126269956,17225
23,31,0.05029126213592233,5150
17,51,0.05027932960893855,179
5,31,0.050236008091706,5932
23,47,0.04990291262135922,5150
47,25,0.049868766404199474,2667
28,57,0.04979253112033195,964
2,51,0.04976836532097948,7555
21,2,0.04970513900589722,1187
25,40,0.049663001064207166,2819
31,7,0.04957064793130367,7686
58,67,0.04952076677316294,626
55,32,0.04936946605849209,3727
54,7,0.04921259842519685,508
64,25,0.04909219108055703,11346
38,40,0.048832546407088805,15461
40,51,0.04878048780487805,3403
36,61,0.04853410740203193,17225
22,60,0.04843304843304843,351
23,57,0.048349514563106794,5150
67,31,0.04813715792944279,3033
57,23,0.047931526390870186,3505
25,51,0.0478893224547712,2819
34,55,0.04785494420931127,20792
64,32,0.047770139256125506,11346
47,51,0.047619047619047616,2667
2,47,0.04751819986763733,7555
23,61,0.04737864077669903,5150
2,32,0.04725347452018531,7555
54,28,0.047244094488188976,508
25,57,0.04717985101099681,2819
41,57,0.047123623011015914,9804
60,32,0.047058823529411764,170
60,44,0.047058823529411764,170
44,7,0.04681886661258547,25887
48,25,0.04674008259291703,47946
45,40,0.04673094517559293,14209
26,15,0.04672897196261682,107
8,25,0.046716316858496955,1477
41,55,0.0467156262749898,9804
6,55,0.046632124352331605,579
15,32,0.046632124352331605,193
36,25,0.04661828737300435,17225
38,32,0.04656878597762111,15461
38,25,0.04656878597762111,15461
64,23,0.046359950643398554,11346
42,7,0.04633801003990218,7769
38,55,0.04631007049996766,15461
40,7,0.0461357625624449,3403
35,25,0.045871559633027525,109
34,40,0.04578684109272797,20792
38,67,0.04546924519759395,15461
45,51,0.04546414244492927,14209
49,61,0.045454545454545456,308
63,47,0.045454545454545456,88
49,47,0.045454545454545456,308
32,55,0.045284303711270006,2937
54,57,0.045275590551181105,508
48,32,0.04500896842280899,47946
31,2,0.04488680718188915,7686
5,32,0.044504383007417395,5932
45,61,0.04433809557322824,14209
10,55,0.0443213296398892,361
38,7,0.044305025548153416,15461
3,47,0.0442632498543972,1717
61,47,0.043992606284658044,2705
61,25,0.043992606284658044,2705
7,42,0.043884034948371724,5036
33,7,0.04373333333333333,1875
34,51,0.04371873797614467,20792
7,55,0.043685464654487687,5036
31,42,0.043585740307051785,7686
31,5,0.04332552693208431,7686
31,55,0.04332552693208431,7686
54,40,0.04330708661417323,508
14,64,0.04329896907216495,970
36,32,0.043193033381712626,17225
50,25,0.04310344827586207,116
34,32,0.04294921123509042,20792
42,31,0.04260522589779894,7769
32,67,0.042560435818862784,2937
64,7,0.04248193195839944,11346
14,57,0.042268041237113405,970
21,23,0.04212299915754002,1187
42,51,0.04209035911957781,7769
37,41,0.041884816753926704,191
37,8,0.041884816753926704,191
37,47,0.041884816753926704,191
37,2,0.041884816753926704,191
37,58,0.041884816753926704,191
44,40,0.04175841155792483,25887
56,45,0.041666666666666664,24
48,51,0.04150502648813248,47946
25,61,0.0415040794608017,2819
7,51,0.041501191421763305,5036
28,10,0.04149377593360996,964
57,51,0.04136947218259629,3505
3,67,0.041351193942923706,1717
54,61,0.04133858267716536,508
47,57,0.04086989126359205,2667
44,51,0.04083130528836868,25887
23,67,0.040776699029126215,5150
45,31,0.04074882116968119,14209
38,31,0.04061832999159175,15461
31,57,0.04059328649492584,7686
34,61,0.040592535590611774,20792
51,67,0.04053589831672964,2911
51,55,0.04053589831672964,2911
64,67,0.040366649039309005,11346
44,61,0.040251863869896085,25887
51,7,0.04019237375472346,2911
42,47,0.04015960870124855,7769
64,51,0.040102238674422704,11346
48,40,0.04004505068201727,47946
43,57,0.040040381634887455,70329
8,3,0.03994583615436696,1477
61,7,0.03992606284658041,2705
22,41,0.039886039886039885,351
13,7,0.03968253968253968,378
13,32,0.03968253968253968,378
51,40,0.039505324630711096,2911
41,61,0.039473684210526314,9804
36,67,0.03941944847605225,17225
61,51,0.039186691312384475,2705
23,40,0.03902912621359223,5150
25,67,0.039020929407591345,2819
49,40,0.03896103896103896,308
49,8,0.03896103896103896,308
7,25,0.03891977760127085,5036
7,61,0.03891977760127085,5036
34,25,0.0389091958445556,20792
57,25,0.038801711840228244,3505
8,67,0.03859174001354096,1477
33,61,0.0384,1875
31,23,0.03825136612021858,7686
67,51,0.03824596109462578,3033
32,61,0.03813415049370106,2937
31,51,0.038121259432734846,7686
7,32,0.037926926131850676,5036
42,40,0.03784270819925344,7769
61,21,0.03770794824399261,2705
43,55,0.037623171095849506,70329
26,67,0.037383177570093455,107
55,7,0.03729541185940435,3727
67,47,0.03725684141114408,3033
43,67,0.03725348007223194,70329
44,47,0.03723876849383861,25887
41,67,0.0372297021623827,9804
41,47,0.03712770297837617,9804
14,67,0.03711340206185567,970
14,25,0.03711340206185567,970
32,47,0.037112700034048346,2937
13,42,0.037037037037037035,378
40,55,0.03702615339406406,3403
5,47,0.03691840863115307,5932
43,51,0.03685535127756687,70329
47,7,0.03674540682414698,2667
58,10,0.036741214057507986,626
58,3,0.036741214057507986,626
35,57,0.03669724770642202,109
35,67,0.03669724770642202,109
3,58,0.03669190448456611,1717
67,32,0.036597428288822946,3033
25,47,0.03653777935438099,2819
51,47,0.03641360357265545,2911
64,47,0.03631235677771902,11346
6,25,0.03626943005181347,579
6,31,0.03626943005181347,579
6,51,0.03626943005181347,579
57,33,0.0362339514978602,3505
3,61,0.0361094933022714,1717
10,67,0.036011080332409975,361
10,7,0.036011080332409975,361
48,67,0.03599883201935511,47946
57,32,0.035948644793152636,3505
67,55,0.035938015166501816,3033
48,61,0.03581112084428315,47946
41,51,0.03569971440228478,9804
57,61,0.03566333808844508,3505
61,32,0.0354898336414048,2705
36,40,0.03547169811320755,17225
45,47,0.03547047645858259,14209
54,32,0.03543307086614173,508
42,33,0.03539709100270305,7769
41,25,0.0353937168502652,9804
8,47,0.035206499661475966,1477
64,61,0.035166578529878374,11346
58,61,0.03514376996805112,626
57,40,0.035092724679029956,3505
43,32,0.03480783176214648,70329
32,51,0.03472931562819203,2937
51,32,0.03469598076262453,2911
40,33,0.034675286511901264,3403
6,61,0.03454231433506045,579
13,2,0.03439153439153439,378
22,58,0.03418803418803419,351
63,51,0.03409090909090909,88
14,23,0.03402061855670103,970
34,47,0.03400346287033475,20792
38,61,0.03389172757260203,15461
21,57,0.03369839932603201,1187
21,67,0.03369839932603201,1187
21,55,0.03369839932603201,1187
64,40,0.033668253128855984,11346
2,61,0.033620119126406355,7555
48,47,0.03351687314895924,47946
7,40,0.03335980937251787,5036
2,55,0.033355393778954336,7555
36,47,0.03326560232220609,17225
10,40,0.0332409972299169,361
10,6,0.0332409972299169,361
28,25,0.03319502074688797,964
47,32,0.032995875515560553,2667
51,61,0.03297835795259361,2911
42,61,0.03295147380615266,7769
61,40,0.03290203327171904,2705
3,8,0.032615026208503206,1717
57,47,0.03252496433666191,3505
8,31,0.03249830737982397,1477
49,50,0.032467532467532464,308
38,51,0.032080719229027874,15461
33,47,0.032,1875
7,47,0.03196981731532963,5036
43,25,0.031964054657395956,70329
34,67,0.03193535975375144,20792
43,61,0.03190717911530094,70329
13,61,0.031746031746031744,378
64,3,0.03155297020976556,11346
33,51,0.031466666666666664,1875
22,55,0.03133903133903134,351
22,7,0.03133903133903134,351
6,32,0.031088082901554404,579
15,5,0.031088082901554404,193
15,28,0.031088082901554404,193
67,25,0.030992416749093307,3033
31,32,0.03083528493364559,7686
43,47,0.03065591718921071,70329
5,61,0.030512474713418745,5932
58,8,0.03035143769968051,626
58,32,0.03035143769968051,626
21,32,0.030328559393428812,1187
61,67,0.03031423290203327,2705
32,57,0.030303030303030304,2937
2,40,0.029913964262078093,7555
14,55,0.029896907216494847,970
14,61,0.029896907216494847,970
14,32,0.029896907216494847,970
51,21,0.029543112332531776,2911
31,61,0.029534218058808223,7686
21,61,0.02948609941027801,1187
43,40,0.029404655263120475,70329
8,61,0.02911306702775897,1477
28,47,0.029045643153526972,964
44,67,0.028663035500444238,25887
41,32,0.028661770705834352,9804
45,67,0.028573439369413752,14209
22,38,0.02849002849002849,351
22,33,0.02849002849002849,351
8,32,0.02843601895734597,1477
31,25,0.02810304449648712,7686
26,23,0.028037383177570093,107
26,19,0.028037383177570093,107
10,49,0.027700831024930747,361
6,8,0.027633851468048358,579
51,33,0.027481964960494674,2911
58,47,0.027156549520766772,626
55,67,0.02709954386906359,3727
38,47,0.026971088545372227,15461
5,40,0.026803776129467296,5932
67,61,0.026706231454005934,3033
31,47,0.026671870934166016,7686
13,33,0.026455026455026454,378
13,67,0.026455026455026454,378
13,63,0.026455026455026454,378
67,28,0.02637652489284537,3033
6,15,0.025906735751295335,579
8,5,0.025727826675693975,1477
3,40,0.0256260920209668,1717
54,3,0.025590551181102362,508
54,49,0.025590551181102362,508
31,40,0.02537080405932865,7686
33,25,0.025066666666666668,1875
34,3,0.02505771450557907,20792
10,61,0.024930747922437674,361
21,25,0.02443133951137321,1187
33,21,0.024,1875
13,50,0.023809523809523808,378
8,58,0.023696682464454975,1477
8,42,0.023696682464454975,1477
33,28,0.023466666666666667,1875
7,21,0.023431294678316124,5036
3,33,0.023296447291788,1717
55,33,0.023074859136034343,3727
47,3,0.022872140982377203,2667
67,40,0.02274975272007913,3033
63,40,0.022727272727272728,88
63,31,0.022727272727272728,88
25,3,0.022703086200780417,2819
36,33,0.022583454281567487,17225
7,33,0.022438443208895948,5036
41,40,0.021929824561403508,9804
21,33,0.02190395956192081,1187
33,10,0.021866666666666666,1875
34,33,0.02183532127741439,20792
62,3,0.021739130434782608,92
55,40,0.021464985242822646,3727
41,3,0.021419828641370868,9804
5,3,0.02140930546190155,5932
40,6,0.021157801939465176,3403
40,21,0.021157801939465176,3403
64,33,0.021152829190904283,11346
23,28,0.020970873786407766,5150
37,32,0.020942408376963352,191
2,6,0.020913302448709464,7555
40,67,0.020863943579194827,3403
15,31,0.02072538860103627,193
6,42,0.02072538860103627,579
31,67,0.02068696330991413,7686
5,33,0.020397842211732974,5932
23,33,0.020388349514563107,5150
44,21,0.02035770850233708,25887
41,8,0.02029783761729906,9804
33,32,0.020266666666666665,1875
7,58,0.020254169976171566,5036
21,40,0.020219039595619208,1187
31,33,0.020166536559979183,7686
38,33,0.020050449518142423,15461
11,22,0.02,50
11,44,0.02,50
11,31,0.02,50
11,61,0.02,50
5,21,0.019892110586648686,5932
48,33,0.019876527760397115,47946
32,33,0.01974804221995233,2937
33,3,0.019733333333333332,1875
54,25,0.01968503937007874,508
19,31,0.0196078431372549,51
68,61,0.0196078431372549,102
61,8,0.019593345656192238,2705
42,21,0.01956493757240314,7769
47,54,0.01949756280464942,2667
49,25,0.01948051948051948,308
7,3,0.019459888800635424,5036
57,6,0.019400855920114122,3505
10,21,0.019390581717451522,361
21,7,0.019376579612468407,1187
61,3,0.01922365988909427,2705
3,21,0.0192195690157251,1717
3,22,0.0192195690157251,1717
58,33,0.019169329073482427,626
58,28,0.019169329073482427,626
48,3,0.019146539857339506,47946
40,3,0.01910079341757273,3403
6,37,0.018998272884283247,579
34,8,0.018805309734513276,20792
43,33,0.018754710005829744,70329
28,32,0.01867219917012448,964
3,32,0.018637157833430402,1717
51,28,0.018550326348333906,2911
13,51,0.018518518518518517,378
61,33,0.018484288354898338,2705
35,55,0.01834862385321101,109
31,21,0.01834504293520687,7686
8,49,0.01828029790115098,1477
48,21,0.01827055437367038,47946
2,54,0.018266048974189278,7555
55,3,0.01824523745639925,3727
44,33,0.018233089967937575,25887
2,3,0.01800132362673726,7555
42,58,0.017762903848629167,7769
60,2,0.01764705882352941,170
40,61,0.01763150161622098,3403
44,3,0.01749913083787229,25887
41,14,0.01744186046511628,9804
67,3,0.01714474118034949,3033
22,67,0.017094017094017096,351
43,3,0.01707688151402693,70329
45,3,0.016961081004996832,14209
8,40,0.016926201760324982,1477
47,40,0.01687289088863892,2667
17,62,0.01675977653631285,179
17,31,0.01675977653631285,179
42,3,0.016604453597631613,7769
51,3,0.016489178976296804,2911
36,3,0.016429608127721335,17225
23,3,0.016310679611650485,5150
40,47,0.01616220981486923,3403
47,33,0.016122984626921636,2667
21,15,0.016006739679865205,1187
57,58,0.015977175463623396,3505
58,13,0.01597444089456869,626
25,33,0.01596310748492373,2819
43,21,0.015882495130031708,70329
13,25,0.015873015873015872,378
37,64,0.015706806282722512,191
2,33,0.015618795499669094,7555
57,3,0.015406562054208274,3505
25,8,0.015253636041149344,2819
31,3,0.01522248243559719,7686
21,13,0.015164279696714406,1187
57,28,0.015121255349500713,3505
2,21,0.015089344804765056,7555
34,21,0.015005771450557906,20792
47,21,0.014998125234345707,2667
47,67,0.014998125234345707,2667
8,51,0.014895057549085985,1477
8,6,0.014895057549085985,1477
7,8,0.014892772041302621,5036
45,21,0.014779365191076078,14209
55,58,0.014757177354440569,3727
2,14,0.01455989410986102,7555
28,21,0.014522821576763486,964
28,54,0.014522821576763486,964
14,68,0.01443298969072165,970
51,58,0.014428031604259704,2911
36,21,0.014339622641509434,17225
45,33,0.014286719684706876,14209
47,22,0.014248218972628422,2667
67,14,0.014177382129904385,3033
61,28,0.014048059149722736,2705
32,13,0.013959822948586994,2937
55,21,0.01395224040783472,3727
67,6,0.013847675568743818,3033
6,3,0.013816925734024179,579
54,13,0.013779527559055118,508
36,28,0.013759071117561684,17225
42,14,0.013643969622860085,7769
32,8,0.013619339462036091,2937
28,58,0.013485477178423237,964
21,3,0.013479359730412805,1187
21,49,0.013479359730412805,1187
38,8,0.01338852596856607,15461
45,54,0.013231050742487156,14209
13,23,0.013227513227513227,378
5,54,0.013149022252191504,5932
43,8,0.012924966941091158,70329
44,28,0.012902228917989724,25887
67,49,0.012858555885262116,3033
48,8,0.012743503107662786,47946
48,28,0.01272264631043257,47946
55,14,0.012610678830158305,3727
44,54,0.012593193494804342,25887
38,21,0.012547700666192355,15461
41,33,0.012545899632802938,9804
67,58,0.01252884932410155,3033
67,54,0.01252884932410155,3033
23,58,0.012427184466019418,5150
25,58,0.012415750266051791,2819
36,58,0.012365747460087083,17225
7,54,0.012311358220810167,5036
5,58,0.012306136210384356,5932
33,8,0.012266666666666667,1875
33,67,0.012266666666666667,1875
8,11,0.012186865267433988,1477
6,62,0.012089810017271158,579
57,8,0.011982881597717546,3505
41,21,0.01193390452876377,9804
7,49,0.011914217633042097,5036
48,54,0.011888374421223877,47946
54,47,0.011811023622047244,508
41,28,0.011729906160750715,9804
57,21,0.011697574893009986,3505
36,8,0.011669085631349782,17225
38,3,0.011642196494405278,15461
5,6,0.011631827376938637,5932
23,21,0.01145631067961165,5150
23,8,0.01145631067961165,5150
22,6,0.011396011396011397,351
63,61,0.011363636363636364,88
58,21,0.011182108626198083,626
58,49,0.011182108626198083,626
40,58,0.011166617690273288,3403
38,6,0.011060086669685014,15461
21,47,0.010951979780960405,1187
62,23,0.010869565217391304,92
62,51,0.010869565217391304,92
45,8,0.010627067351678513,14209
5,49,0.01062036412677006,5932
38,54,0.010607334583791475,15461
2,8,0.010589013898080741,7555
3,60,0.010483401281304601,1717
3,54,0.010483401281304601,1717
2,49,0.010456651224354732,7555
6,28,0.010362694300518135,579
6,47,0.010362694300518135,579
61,6,0.010351201478743069,2705
14,3,0.010309278350515464,970
14,7,0.010309278350515464,970
51,54,0.010305736860185504,2911
23,17,0.01029126213592233,5150
25,21,0.010287335934728628,2819
67,33,0.01022090339597758,3033
38,28,0.0102192613673113,15461
34,58,0.010196229318968833,20792
55,62,0.010195867990340756,3727
64,21,0.010135730653974969,11346
47,49,0.010123734533183352,2667
5,28,0.010114632501685773,5932
57,49,0.009985734664764621,3505
61,14,0.009981515711645102,2705
25,22,0.009932600212841433,2819
7,6,0.009928514694201748,5036
44,8,0.009850504114034072,25887
68,69,0.00980392156862745,102
68,8,0.00980392156862745,102
31,28,0.00975800156128025,7686
55,8,0.00965924335927019,3727
55,6,0.00965924335927019,3727
55,13,0.00965924335927019,3727
61,22,0.009611829944547136,2705
58,60,0.009584664536741214,626
58,14,0.009584664536741214,626
45,28,0.009571398409458793,14209
32,28,0.009533537623425264,2937
8,21,0.009478672985781991,1477
34,28,0.009474797999230473,20792
55,63,0.009390931043734908,3727
26,13,0.009345794392523364,107
26,50,0.009345794392523364,107
43,28,0.00934180778910549,70329
28,24,0.00933609958506224,964
28,40,0.00933609958506224,964
48,58,0.009322988361907146,47946
38,14,0.009313757195524222,15461
51,14,0.009275163174166953,2911
51,49,0.009275163174166953,2911
44,58,0.009271062695561478,25887
21,58,0.009267059814658803,1187
35,5,0.009174311926605505,109
64,22,0.00916622598272519,11346
45,6,0.009149130832570906,14209
34,54,0.009041939207387457,20792
42,54,0.009010168618869868,7769
25,28,0.00886839304717985,2819
45,58,0.008867619114645647,14209
32,21,0.008852570650323459,2937
6,22,0.008635578583765112,579
50,58,0.008620689655172414,116
50,5,0.008620689655172414,116
50,67,0.008620689655172414,116
50,40,0.008620689655172414,116
50,61,0.008620689655172414,116
2,28,0.008603573792190603,7555
5,8,0.008597437626432907,5932
67,10,0.008572370590174745,3033
25,6,0.008513657325292657,2819
41,54,0.00846593227254182,9804
5,22,0.008428860418071477,5932
5,10,0.008428860418071477,5932
36,54,0.008359941944847606,17225
28,69,0.008298755186721992,964
28,6,0.008298755186721992,964
57,54,0.008273894436519259,3505
48,6,0.008259291703166062,47946
14,8,0.008247422680412371,970
64,8,0.00802044773488454,11346
58,37,0.007987220447284345,626
42,49,0.007980435062427597,7769
23,49,0.007961165048543689,5150
2,22,0.007941760423560556,7555
69,47,0.007936507936507936,126
69,42,0.007936507936507936,126
13,54,0.007936507936507936,378
13,40,0.007936507936507936,378
51,35,0.00790106492614222,2911
47,8,0.007874015748031496,2667
54,62,0.007874015748031496,508
61,58,0.007763401109057301,2705
40,11,0.007640317367029092,3403
21,28,0.007582139848357203,1187
21,68,0.007582139848357203,1187
21,22,0.007582139848357203,1187
44,6,0.007571367868041874,25887
31,13,0.0075461878740567265,7686
7,28,0.007545671167593328,5036
33,13,0.007466666666666667,1875
33,22,0.007466666666666667,1875
25,14,0.007449450159631075,2819
36,13,0.007431059506531204,17225
36,49,0.007431059506531204,17225
57,60,0.007417974322396576,3505
64,54,0.007403490216816499,11346
38,58,0.007373391113123342,15461
41,58,0.0073439412484700125,9804
14,50,0.007216494845360825,970
23,54,0.007184466019417476,5150
45,14,0.007178548807094095,14209
43,14,0.007109442761876324,70329
25,54,0.0070947144377438804,2819
36,14,0.007024673439767779,17225
61,12,0.007024029574861368,2705
43,6,0.006953035021115045,70329
42,6,0.006950701505985327,7769
48,14,0.0067784590998206315,47946
8,33,0.006770480704129994,1477
7,63,0.006751389992057188,5036
7,68,0.006751389992057188,5036
55,54,0.006707807888382077,3727
2,58,0.0066181336863004635,7555
23,18,0.006601941747572815,5150
57,14,0.006562054208273894,3505
43,58,0.006512249569878713,70329
32,54,0.006469186244467144,2937
32,49,0.006469186244467144,2937
40,37,0.006464883925947693,3403
42,22,0.0064358347277641914,7769
23,22,0.006407766990291262,5150
3,63,0.0064065230052417,1717
7,35,0.006354249404289118,5036
61,35,0.006284658040665434,2705
41,6,0.006221950224398204,9804
36,6,0.006095791001451379,17225
64,58,0.006081438392384982,11346
42,28,0.006049684644098339,7769
34,14,0.006011927664486341,20792
47,13,0.005999250093738283,2667
67,21,0.005934718100890208,3033
60,5,0.0058823529411764705,170
40,28,0.0058771672054069935,3403
32,68,0.005788219271365339,2937
48,13,0.005714762441079548,47946
57,13,0.005706134094151213,3505
22,21,0.005698005698005698,351
25,49,0.005675771550195104,2819
23,6,0.005631067961165049,5150
47,58,0.00562429696287964,2667
5,17,0.005563047875927174,5932
36,22,0.0055152394775036286,17225
43,54,0.005431614270073512,70329
57,10,0.005420827389443652,3505
55,69,0.005366246310705662,3727
67,8,0.005275304978569074,3033
67,37,0.005275304978569074,3033
44,14,0.005253602194151504,25887
3,62,0.0052417006406523005,1717
37,51,0.005235602094240838,191
37,31,0.005235602094240838,191
5,15,0.005225893459204316,5932
44,13,0.005214972766253332,25887
28,35,0.005186721991701245,964
6,58,0.0051813471502590676,579
61,54,0.005175600739371534,2705
51,37,0.005152868430092752,2911
38,13,0.00510963068365565,15461
32,3,0.005107252298263534,2937
31,58,0.00507416081186573,7686
38,10,0.005044951814242287,15461
2,17,0.005029781601588352,7555
64,28,0.005023796932839768,11346
34,6,0.005001923816852636,20792
41,15,0.004997960016319869,9804
41,49,0.004997960016319869,9804
31,35,0.004944054124381993,7686
45,10,0.004856077134210711,14209
23,35,0.0048543689320388345,5150
31,8,0.004813947436898257,7686
51,63,0.0048093438680865686,2911
51,17,0.0048093438680865686,2911
51,50,0.0048093438680865686,2911
61,62,0.004805914972273568,2705
58,62,0.004792332268370607,626
44,10,0.004790049059373431,25887
32,6,0.004766768811712632,2937
2,10,0.004765056254136334,7555
64,6,0.004759386567953464,11346
8,37,0.004739336492890996,1477
64,14,0.00467124977965803,11346
55,10,0.004561309364099812,3727
47,69,0.0044994375703037125,2667
47,14,0.0044994375703037125,2667
47,28,0.0044994375703037125,2667
47,63,0.0044994375703037125,2667
61,69,0.0044362292051756,2705
32,15,0.004426285325161729,2937
48,49,0.004379927418345639,47946
7,13,0.004368546465448769,5036
31,14,0.00429352068696331,7686
23,37,0.004271844660194175,5150
23,63,0.004271844660194175,5150
23,10,0.004271844660194175,5150
33,11,0.004266666666666667,1875
25,10,0.004256828662646328,2819
44,22,0.004249237068799011,25887
42,13,0.004247650920324366,7769
21,6,0.004212299915754001,1187
45,49,0.004152297839397565,14209
43,22,0.004151914572935773,70329
34,13,0.004136206233166602,20792
40,13,0.004114017043784896,3403
8,18,0.004062288422477996,1477
31,54,0.004033307311995837,7686
55,49,0.004024684733029246,3727
45,13,0.003941164050953621,14209
45,22,0.003941164050953621,14209
54,26,0.003937007874015748,508
54,55,0.003937007874015748,508
54,21,0.003937007874015748,508
54,8,0.003937007874015748,508
44,69,0.0038629427898172826,25887
40,54,0.003820158683514546,3403
40,17,0.003820158683514546,3403
51,69,0.0037787701820680177,2911
47,15,0.0037495313085864268,2667
32,11,0.003745318352059925,2937
42,15,0.003732784142103231,7769
5,62,0.0037086985839514496,5932
5,50,0.0037086985839514496,5932
23,12,0.0036893203883495147,5150
43,10,0.003640034694080678,70329
67,50,0.003626772172766238,3033
43,13,0.003540502495414409,70329
40,22,0.003526300323244196,3403
40,69,0.003526300323244196,3403
45,17,0.003518896474065733,14209
44,49,0.0035152779387337273,25887
55,50,0.00348806010195868,3727
44,15,0.0034766485108355546,25887
48,22,0.0034622283402160766,47946
51,10,0.0034352456200618343,2911
51,62,0.0034352456200618343,2911
32,37,0.0034048348655090228,2937
7,10,0.003375694996028594,5036
5,13,0.0033715441672285905,5932
44,17,0.003360760227141036,25887
42,8,0.0033466340584373793,7769
42,10,0.0033466340584373793,7769
34,17,0.00331858407079646,20792
2,37,0.0033090668431502318,7555
67,22,0.003297065611605671,3033
48,10,0.0032745171651441204,47946
41,13,0.0032639738882088943,9804
36,15,0.003251088534107402,17225
49,10,0.003246753246753247,308
40,12,0.0032324419629738465,3403
55,28,0.0032197477864233967,3727
55,22,0.0032197477864233967,3727
58,17,0.003194888178913738,626
25,37,0.0031926214969847464,2819
38,49,0.00316926460125477,15461
28,61,0.0031120331950207467,964
14,58,0.003092783505154639,970
51,30,0.003091721058055651,2911
51,8,0.003091721058055651,2911
43,49,0.003085498158654325,70329
34,22,0.0030781069642170067,20792
32,50,0.0030643513789581204,2937
32,58,0.0030643513789581204,2937
41,17,0.0030599755201958386,9804
5,11,0.0030343897505057315,5932
34,26,0.003030011542901116,20792
64,50,0.0029966508020447735,11346
44,62,0.002974465948159308,25887
36,63,0.002960812772133527,17225
40,10,0.0029385836027034967,3403
38,63,0.0029105491236013194,15461
45,26,0.002885495108733901,14209
31,69,0.0028623471246422066,7686
57,37,0.0028530670470756064,3505
57,12,0.0028530670470756064,3505
22,13,0.002849002849002849,351
38,18,0.0028458702541879566,15461
25,35,0.002837885775097552,2819
25,9,0.002837885775097552,2819
7,14,0.0027799841143764893,5036
2,13,0.0027796161482461948,7555
10,8,0.002770083102493075,361
48,15,0.00273224043715847,47946
64,62,0.00273224043715847,11346
31,62,0.00273224043715847,7686
23,68,0.0027184466019417475,5150
38,17,0.0027165125153612315,15461
55,68,0.002683123155352831,3727
33,58,0.0026666666666666666,1875
44,37,0.0026654305249739253,25887
13,58,0.0026455026455026454,378
13,8,0.0026455026455026454,378
13,22,0.0026455026455026454,378
34,49,0.00264524817237399,20792
40,68,0.002644725242433147,3403
67,13,0.002637652489284537,3033
36,10,0.0026124818577648768,17225
31,6,0.0026021337496747333,7686
34,10,0.002597152751058099,20792
57,62,0.0025677603423680455,3505
57,15,0.0025677603423680455,3505
41,22,0.0025499796001631986,9804
23,69,0.002524271844660194,5150
23,13,0.002524271844660194,5150
31,24,0.0024720270621909966,7686
31,49,0.0024720270621909966,7686
31,60,0.0024720270621909966,7686
48,60,0.0024611020731656447,47946
41,63,0.0024479804161566705,9804
42,69,0.0024456171965503925,7769
45,69,0.0023928496023646983,14209
36,50,0.0023802612481857765,17225
64,49,0.002379693283976732,11346
48,37,0.002356818087014558,47946
34,15,0.0023566756444786457,20792
31,10,0.00234192037470726,7686
23,62,0.002330097087378641,5150
36,62,0.0023222060957910013,17225
34,37,0.002308580223162755,20792
57,69,0.002282453637660485,3505
2,50,0.0022501654533421574,7555
47,18,0.0022497187851518562,2667
47,50,0.0022497187851518562,2667
43,15,0.0022465839127529183,70329
61,13,0.0022181146025878,2705
42,68,0.002188183807439825,7769
7,22,0.0021842732327243845,5036
7,37,0.0021842732327243845,5036
7,62,0.0021842732327243845,5036
48,50,0.002148250114712385,47946
23,11,0.0021359223300970874,5150
64,17,0.0021152829190904283,11346
45,15,0.0021113378844394397,14209
31,15,0.0020817069997397866,7686
31,22,0.0020817069997397866,7686
28,18,0.002074688796680498,964
38,50,0.002069723821227605,15461
48,69,0.0020648229257915155,47946
14,5,0.002061855670103093,970
14,54,0.002061855670103093,970
51,6,0.0020611473720371005,2911
40,8,0.002057008521892448,3403
40,62,0.002057008521892448,3403
32,22,0.0020429009193054137,2937
32,69,0.0020429009193054137,2937
45,37,0.0020409599549581253,14209
41,12,0.002039983680130559,9804
44,63,0.002008730250704987,25887
48,62,0.0020022525341008633,47946
57,35,0.0019971469329529245,3505
45,35,0.0019705820254768106,14209
54,14,0.001968503937007874,508
48,63,0.0018771117507195595,47946
43,60,0.0018768928891353496,70329
47,10,0.0018747656542932134,2667
47,17,0.0018747656542932134,2667
64,15,0.0018508725542041248,11346
41,68,0.0018359853121175031,9804
45,62,0.0018298261665141812,14209
36,26,0.0017997097242380261,17225
48,17,0.0017936845617986903,47946
34,19,0.001779530588687957,20792
25,65,0.0017736786094359701,2819
25,13,0.0017736786094359701,2819
25,50,0.0017736786094359701,2819
36,17,0.0017416545718432512,17225
41,35,0.001733986128110975,9804
6,68,0.0017271157167530224,579
57,22,0.0017118402282453639,3505
32,62,0.0017024174327545114,2937
32,14,0.0017024174327545114,2937
31,63,0.0016913869372885766,7686
21,54,0.0016849199663016006,1187
64,60,0.0016745989776132558,11346
67,17,0.0016485328058028356,3033
41,69,0.0016319869441044472,9804
36,68,0.001625544267053701,17225
36,60,0.001625544267053701,17225
45,50,0.0016186923780702371,14209
48,26,0.0016059733867267343,47946
2,62,0.0015883520847121111,7555
2,35,0.0015883520847121111,7555
23,50,0.0015533980582524273,5150
23,24,0.0015533980582524273,5150
23,14,0.0015533980582524273,5150
42,56,0.0015446003346634059,7769
42,63,0.0015446003346634059,7769
41,37,0.0015299877600979193,9804
36,37,0.0015094339622641509,17225
43,26,0.0014645452089465227,70329
43,37,0.0014645452089465227,70329
38,62,0.0014229351270939783,15461
43,62,0.0014218885523752647,70329
64,26,0.0014101886127269522,11346
64,13,0.0014101886127269522,11346
45,60,0.0014075585896262933,14209
51,13,0.0013740982480247338,2911
32,60,0.001361933946203609,2937
23,60,0.0013592233009708738,5150
8,54,0.0013540961408259986,1477
8,13,0.0013540961408259986,1477
5,35,0.0013486176668914363,5932
45,68,0.0013371806601449785,14209
43,17,0.0013223563537089963,70329
67,24,0.0013188262446422684,3033
34,60,0.0012985763755290496,20792
43,69,0.001293918582661491,70329
38,56,0.0012935773882672532,15461
41,60,0.0012239902080783353,9804
43,50,0.0012228241550427277,70329
5,37,0.0011800404585300068,5932
5,69,0.0011800404585300068,5932
3,37,0.0011648223645894002,1717
3,14,0.0011648223645894002,1717
57,63,0.0011412268188302425,3505
41,10,0.0011219910240718074,9804
44,18,0.001120253409047012,25887
61,17,0.0011090573012939,2705
61,65,0.0011090573012939,2705
61,10,0.0011090573012939,2705
61,15,0.0011090573012939,2705
38,68,0.001099540780027165,15461
38,69,0.001099540780027165,15461
25,68,0.001064207165661582,2819
25,69,0.001064207165661582,2819
25,62,0.001064207165661582,2819
2,18,0.0010589013898080742,7555
64,19,0.0010576414595452142,11346
64,24,0.0010576414595452142,11346
36,35,0.0010449927431059507,17225
36,69,0.0010449927431059507,17225
28,15,0.001037344398340249,964
14,47,0.0010309278350515464,970
14,26,0.0010309278350515464,970
14,19,0.0010309278350515464,970
5,14,0.0010114632501685772,5932
45,63,0.0009852910127384053,14209
64,10,0.0009695046712497797,11346
43,68,0.0009668842156151801,70329
44,26,0.0009657356974543207,25887
48,68,0.0009594126725899971,47946
44,50,0.000888476841657975,25887
64,69,0.0008813678829543451,11346
43,35,0.0008673520169489115,70329
57,68,0.0008559201141226819,3505
5,26,0.0008428860418071476,5932
21,17,0.0008424599831508003,1187
21,69,0.0008424599831508003,1187
43,63,0.0008389142459014063,70329
34,62,0.0008176221623701423,20792
23,26,0.0007766990291262136,5150
38,15,0.0007761464329603518,15461
45,56,0.0007741572242944613,14209
45,11,0.0007741572242944613,14209
45,12,0.0007741572242944613,14209
34,69,0.0007695267410542517,20792
47,37,0.0007499062617172854,2667
61,49,0.0007393715341959334,2705
61,26,0.0007393715341959334,2705
34,24,0.0007214313197383609,20792
48,24,0.0007091311058273892,47946
51,19,0.0006870491240123669,2911
34,63,0.0006733358984224702,20792
44,35,0.000656700274268938,25887
38,26,0.0006467886941336266,15461
42,17,0.0006435834727764191,7769
43,24,0.0006256309630451165,70329
43,11,0.0005829743064738585,70329
38,60,0.0005821098247202639,15461
36,19,0.0005805515239477503,17225
43,19,0.0005545365354263533,70329
55,17,0.0005366246310705661,3727
34,50,0.000529049634474798,20792
34,11,0.000529049634474798,20792
48,19,0.0005214199307554332,47946
44,24,0.0005021825626762467,25887
44,11,0.0004635531347780739,25887
43,18,0.0004407854512363321,70329
34,18,0.00043285879184301655,20792
44,12,0.0004249237068799011,25887
7,69,0.0003971405877680699,5036
2,60,0.0003970880211780278,7555
31,26,0.00039032006245121,7686
42,26,0.00038615008366585146,7769
61,68,0.0003696857670979667,2705
61,50,0.0003696857670979667,2705
61,60,0.0003696857670979667,2705
36,9,0.00034833091436865023,17225
44,60,0.00034766485108355543,25887
51,26,0.00034352456200618345,2911
32,10,0.00034048348655090226,2937
32,65,0.00034048348655090226,2937
48,18,0.00033370875568347727,47946
43,30,0.0003270343670463109,70329
48,65,0.0003128519584532599,47946
48,35,0.0002919951612230426,47946
34,68,0.00028857252789534437,20792
44,53,0.0002704059952872098,25887
44,68,0.0002704059952872098,25887
55,26,0.00026831231553528306,3727
2,68,0.00026472534745201854,7555
64,68,0.00026441036488630354,11346
31,17,0.00026021337496747333,7686
38,9,0.0002587154776534506,15461
42,18,0.00025743338911056766,7769
43,56,0.00024172105390379503,70329
48,11,0.0002294247695323906,47946
34,35,0.00019238168526356292,20792
64,37,0.00017627357659086903,11346
43,9,0.00017062662628503179,70329
43,12,0.00017062662628503179,70329
43,53,0.00015640774076127912,70329
2,69,0.00013236267372600927,7555
2,63,0.00013236267372600927,7555
42,9,0.00012871669455528383,7769
48,30,0.00012514078338130396,47946
44,9,0.00011588828369451848,25887
48,9,0.00010428398615108664,47946
36,18,5.8055152394775034e-05,17225
34,65,4.809542131589073e-05,20792
34,9,4.809542131589073e-05,20792
60,53,0.0,170
60,54,0.0,170
62,19,0.0,92
60,51,0.0,170
13,69,0.0,378
62,24,0.0,92
13,68,0.0,378
60,47,0.0,170
11,35,0.0,50
11,30,0.0,50
62,18,0.0,92
62,22,0.0,92
60,50,0.0,170
13,65,0.0,378
60,49,0.0,170
62,9,0.0,92
14,12,0.0,970
62,25,0.0,92
14,6,0.0,970
11,26,0.0,50
62,33,0.0,92
60,15,0.0,170
60,17,0.0,170
62,32,0.0,92
11,28,0.0,50
60,18,0.0,170
60,19,0.0,170
14,21,0.0,970
62,30,0.0,92
14,18,0.0,970
60,24,0.0,170
14,17,0.0,970
62,28,0.0,92
60,26,0.0,170
60,28,0.0,170
60,30,0.0,170
14,15,0.0,970
14,13,0.0,970
60,33,0.0,170
60,55,0.0,170
60,35,0.0,170
14,11,0.0,970
60,37,0.0,170
14,10,0.0,970
62,26,0.0,92
60,40,0.0,170
14,9,0.0,970
60,42,0.0,170
11,36,0.0,50
13,53,0.0,378
62,15,0.0,92
11,67,0.0,50
11,57,0.0,50
11,58,0.0,50
11,60,0.0,50
11,62,0.0,50
11,63,0.0,50
11,64,0.0,50
11,65,0.0,50
11,68,0.0,50
60,56,0.0,170
11,69,0.0,50
61,37,0.0,2705
13,3,0.0,378
13,6,0.0,378
13,9,0.0,378
13,10,0.0,378
13,11,0.0,378
61,53,0.0,2705
11,56,0.0,50
11,55,0.0,50
61,56,0.0,2705
62,8,0.0,92
11,37,0.0,50
62,6,0.0,92
11,38,0.0,50
11,41,0.0,50
62,2,0.0,92
11,42,0.0,50
11,47,0.0,50
11,49,0.0,50
11,50,0.0,50
62,10,0.0,92
61,63,0.0,2705
11,51,0.0,50
11,53,0.0,50
11,54,0.0,50
13,12,0.0,378
61,30,0.0,2705
13,14,0.0,378
62,12,0.0,92
13,49,0.0,378
13,55,0.0,378
13,56,0.0,378
60,69,0.0,170
60,68,0.0,170
60,67,0.0,170
60,65,0.0,170
62,13,0.0,92
62,14,0.0,92
13,57,0.0,378
60,63,0.0,170
60,62,0.0,170
60,61,0.0,170
13,60,0.0,378
13,62,0.0,378
13,47,0.0,378
13,37,0.0,378
62,11,0.0,92
61,9,0.0,2705
13,15,0.0,378
61,24,0.0,2705
13,17,0.0,378
13,18,0.0,378
13,19,0.0,378
61,19,0.0,2705
61,18,0.0,2705
13,21,0.0,378
13,24,0.0,378
60,13,0.0,170
13,26,0.0,378
13,28,0.0,378
13,30,0.0,378
61,11,0.0,2705
13,35,0.0,378
60,14,0.0,170
41,30,0.0,9804
60,12,0.0,170
17,32,0.0,179
57,24,0.0,3505
17,26,0.0,179
17,28,0.0,179
17,30,0.0,179
57,19,0.0,3505
57,18,0.0,3505
57,17,0.0,3505
17,35,0.0,179
57,26,0.0,3505
17,37,0.0,179
17,47,0.0,179
57,11,0.0,3505
17,49,0.0,179
57,9,0.0,3505
17,50,0.0,179
17,53,0.0,179
17,25,0.0,179
17,24,0.0,179
17,55,0.0,179
17,10,0.0,179
15,68,0.0,193
15,69,0.0,193
17,3,0.0,179
17,6,0.0,179
17,7,0.0,179
17,8,0.0,179
17,9,0.0,179
17,11,0.0,179
57,30,0.0,3505
17,12,0.0,179
17,13,0.0,179
17,14,0.0,179
17,15,0.0,179
17,18,0.0,179
17,19,0.0,179
17,22,0.0,179
17,54,0.0,179
17,56,0.0,179
57,50,0.0,3505
56,36,0.0,24
56,44,0.0,24
17,60,0.0,179
17,63,0.0,179
56,41,0.0,24
56,40,0.0,24
17,65,0.0,179
56,37,0.0,24
56,35,0.0,24
56,47,0.0,24
56,34,0.0,24
56,33,0.0,24
56,32,0.0,24
56,31,0.0,24
56,30,0.0,24
56,28,0.0,24
56,26,0.0,24
17,58,0.0,179
56,48,0.0,24
17,57,0.0,179
56,61,0.0,24
56,69,0.0,24
56,68,0.0,24
56,67,0.0,24
56,65,0.0,24
56,64,0.0,24
56,63,0.0,24
56,62,0.0,24
56,60,0.0,24
56,49,0.0,24
56,58,0.0,24
56,57,0.0,24
56,55,0.0,24
56,54,0.0,24
56,53,0.0,24
56,51,0.0,24
56,50,0.0,24
15,67,0.0,193
15,65,0.0,193
60,11,0.0,170
14,63,0.0,970
58,53,0.0,626
14,49,0.0,970
58,50,0.0,626
14,53,0.0,970
14,56,0.0,970
14,60,0.0,970
14,62,0.0,970
14,65,0.0,970
58,54,0.0,626
14,69,0.0,970
15,2,0.0,193
15,3,0.0,193
15,7,0.0,193
15,8,0.0,193
15,9,0.0,193
58,35,0.0,626
11,25,0.0,50
58,56,0.0,626
15,11,0.0,193
58,69,0.0,626
60,10,0.0,170
60,9,0.0,170
60,8,0.0,170
60,7,0.0,170
60,6,0.0,170
14,22,0.0,970
14,24,0.0,970
58,68,0.0,626
14,40,0.0,970
14,28,0.0,970
58,65,0.0,626
14,30,0.0,970
58,63,0.0,626
14,33,0.0,970
14,35,0.0,970
14,37,0.0,970
15,10,0.0,193
15,12,0.0,193
57,53,0.0,3505
15,53,0.0,193
58,6,0.0,626
15,38,0.0,193
15,40,0.0,193
15,42,0.0,193
15,49,0.0,193
15,50,0.0,193
57,65,0.0,3505
15,54,0.0,193
15,35,0.0,193
15,56,0.0,193
15,58,0.0,193
15,60,0.0,193
15,61,0.0,193
57,56,0.0,3505
15,62,0.0,193
15,63,0.0,193
15,37,0.0,193
58,9,0.0,626
15,13,0.0,193
15,21,0.0,193
58,30,0.0,626
15,17,0.0,193
58,26,0.0,626
15,18,0.0,193
58,24,0.0,626
15,19,0.0,193
58,22,0.0,626
58,19,0.0,626
15,33,0.0,193
58,18,0.0,626
15,22,0.0,193
58,15,0.0,626
15,24,0.0,193
15,30,0.0,193
58,12,0.0,626
58,11,0.0,626
62,35,0.0,92
63,9,0.0,88
62,37,0.0,92
3,69,0.0,1717
68,18,0.0,102
68,17,0.0,102
68,15,0.0,102
68,14,0.0,102
68,13,0.0,102
68,12,0.0,102
68,11,0.0,102
5,9,0.0,5932
68,9,0.0,102
5,12,0.0,5932
5,18,0.0,5932
5,19,0.0,5932
68,3,0.0,102
5,24,0.0,5932
67,69,0.0,3033
68,19,0.0,102
68,22,0.0,102
67,65,0.0,3033
3,68,0.0,1717
3,28,0.0,1717
3,30,0.0,1717
3,35,0.0,1717
68,37,0.0,102
3,49,0.0,1717
68,35,0.0,102
3,50,0.0,1717
68,33,0.0,102
3,53,0.0,1717
3,56,0.0,1717
68,30,0.0,102
68,28,0.0,102
68,26,0.0,102
3,65,0.0,1717
68,24,0.0,102
67,68,0.0,3033
67,63,0.0,3033
67,19,0.0,3033
6,18,0.0,579
6,21,0.0,579
6,24,0.0,579
6,26,0.0,579
67,35,0.0,3033
6,30,0.0,579
6,33,0.0,579
6,35,0.0,579
6,49,0.0,579
67,30,0.0,3033
6,50,0.0,579
67,26,0.0,3033
6,53,0.0,579
6,54,0.0,579
6,56,0.0,579
6,60,0.0,579
6,19,0.0,579
6,17,0.0,579
67,62,0.0,3033
6,14,0.0,579
5,30,0.0,5932
67,60,0.0,3033
5,53,0.0,5932
5,56,0.0,5932
67,56,0.0,3033
5,60,0.0,5932
5,63,0.0,5932
67,53,0.0,3033
5,65,0.0,5932
5,68,0.0,5932
6,9,0.0,579
6,10,0.0,579
6,11,0.0,579
6,12,0.0,579
6,13,0.0,579
68,42,0.0,102
3,26,0.0,1717
3,24,0.0,1717
2,26,0.0,7555
2,53,0.0,7555
2,56,0.0,7555
69,41,0.0,126
69,40,0.0,126
69,37,0.0,126
2,65,0.0,7555
69,35,0.0,126
69,33,0.0,126
3,6,0.0,1717
69,30,0.0,126
3,9,0.0,1717
69,26,0.0,126
69,25,0.0,126
69,24,0.0,126
69,23,0.0,126
2,30,0.0,7555
2,24,0.0,7555
3,19,0.0,1717
69,49,0.0,126
69,67,0.0,126
69,65,0.0,126
2,9,0.0,7555
69,63,0.0,126
69,62,0.0,126
2,11,0.0,7555
69,60,0.0,126
69,58,0.0,126
2,12,0.0,7555
69,56,0.0,126
2,15,0.0,7555
69,54,0.0,126
69,53,0.0,126
2,19,0.0,7555
69,50,0.0,126
69,22,0.0,126
69,21,0.0,126
69,19,0.0,126
69,18,0.0,126
68,63,0.0,102
68,62,0.0,102
3,13,0.0,1717
68,60,0.0,102
68,58,0.0,102
3,15,0.0,1717
68,56,0.0,102
3,17,0.0,1717
68,54,0.0,102
68,53,0.0,102
68,51,0.0,102
68,50,0.0,102
68,49,0.0,102
3,18,0.0,1717
68,47,0.0,102
3,12,0.0,1717
68,65,0.0,102
68,67,0.0,102
69,10,0.0,126
69,17,0.0,126
69,15,0.0,126
69,14,0.0,126
69,13,0.0,126
69,12,0.0,126
69,11,0.0,126
69,9,0.0,126
3,11,0.0,1717
69,8,0.0,126
3,10,0.0,1717
69,6,0.0,126
69,5,0.0,126
69,3,0.0,126
69,2,0.0,126
6,63,0.0,579
67,18,0.0,3033
11,24,0.0,50
10,64,0.0,361
10,65,0.0,361
10,68,0.0,361
10,69,0.0,361
11,2,0.0,50
63,30,0.0,88
63,28,0.0,88
63,26,0.0,88
63,25,0.0,88
63,24,0.0,88
11,3,0.0,50
63,22,0.0,88
63,21,0.0,88
63,19,0.0,88
63,18,0.0,88
63,17,0.0,88
63,35,0.0,88
63,37,0.0,88
63,14,0.0,88
10,63,0.0,361
63,56,0.0,88
10,30,0.0,361
63,54,0.0,88
63,53,0.0,88
10,35,0.0,361
63,50,0.0,88
63,49,0.0,88
10,37,0.0,361
10,41,0.0,361
10,50,0.0,361
10,53,0.0,361
10,54,0.0,361
10,56,0.0,361
10,60,0.0,361
10,62,0.0,361
63,15,0.0,88
63,13,0.0,88
6,65,0.0,579
62,58,0.0,92
62,56,0.0,92
11,9,0.0,50
11,10,0.0,50
62,53,0.0,92
11,12,0.0,50
62,50,0.0,92
62,49,0.0,92
11,13,0.0,50
62,47,0.0,92
11,14,0.0,50
11,15,0.0,50
11,17,0.0,50
11,18,0.0,50
11,19,0.0,50
11,21,0.0,50
11,8,0.0,50
62,60,0.0,92
63,12,0.0,88
11,7,0.0,50
63,11,0.0,88
63,10,0.0,88
56,24,0.0,24
63,8,0.0,88
11,5,0.0,50
63,6,0.0,88
63,5,0.0,88
63,3,0.0,88
63,2,0.0,88
62,69,0.0,92
62,68,0.0,92
62,67,0.0,92
62,65,0.0,92
11,6,0.0,50
62,63,0.0,92
63,57,0.0,88
63,58,0.0,88
63,60,0.0,88
7,50,0.0,5036
7,56,0.0,5036
7,60,0.0,5036
64,56,0.0,11346
7,65,0.0,5036
64,53,0.0,11346
8,9,0.0,1477
8,10,0.0,1477
8,12,0.0,1477
8,14,0.0,1477
8,15,0.0,1477
8,17,0.0,1477
8,19,0.0,1477
8,22,0.0,1477
8,24,0.0,1477
8,26,0.0,1477
7,53,0.0,5036
7,30,0.0,5036
10,26,0.0,361
64,63,0.0,11346
67,15,0.0,3033
6,69,0.0,579
7,9,0.0,5036
67,12,0.0,3033
67,11,0.0,3033
7,11,0.0,5036
67,9,0.0,3033
7,12,0.0,5036
7,15,0.0,5036
7,17,0.0,5036
7,18,0.0,5036
7,19,0.0,5036
7,24,0.0,5036
7,26,0.0,5036
64,65,0.0,11346
8,28,0.0,1477
8,30,0.0,1477
8,35,0.0,1477
64,35,0.0,11346
64,12,0.0,11346
64,11,0.0,11346
64,9,0.0,11346
10,17,0.0,361
10,18,0.0,361
10,19,0.0,361
10,22,0.0,361
10,23,0.0,361
10,24,0.0,361
63,69,0.0,88
63,68,0.0,88
63,67,0.0,88
63,65,0.0,88
63,64,0.0,88
63,62,0.0,88
10,15,0.0,361
10,14,0.0,361
10,13,0.0,361
8,63,0.0,1477
8,50,0.0,1477
8,53,0.0,1477
8,56,0.0,1477
8,60,0.0,1477
64,30,0.0,11346
8,62,0.0,1477
8,65,0.0,1477
10,12,0.0,361
8,68,0.0,1477
8,69,0.0,1477
10,3,0.0,361
10,9,0.0,361
10,11,0.0,361
64,18,0.0,11346
56,25,0.0,24
18,13,0.0,37
56,23,0.0,24
28,37,0.0,964
28,14,0.0,964
28,17,0.0,964
45,65,0.0,14209
28,19,0.0,964
28,22,0.0,964
28,26,0.0,964
28,30,0.0,964
28,49,0.0,964
56,22,0.0,24
28,50,0.0,964
28,53,0.0,964
45,53,0.0,14209
28,55,0.0,964
28,56,0.0,964
28,60,0.0,964
28,62,0.0,964
28,13,0.0,964
28,12,0.0,964
28,11,0.0,964
47,6,0.0,2667
26,58,0.0,107
26,60,0.0,107
26,61,0.0,107
47,19,0.0,2667
26,62,0.0,107
26,63,0.0,107
26,65,0.0,107
26,68,0.0,107
26,69,0.0,107
47,12,0.0,2667
47,11,0.0,2667
28,3,0.0,964
47,9,0.0,2667
28,8,0.0,964
28,9,0.0,964
28,63,0.0,964
28,65,0.0,964
28,68,0.0,964
32,17,0.0,2937
32,19,0.0,2937
32,24,0.0,2937
32,26,0.0,2937
45,9,0.0,14209
32,30,0.0,2937
32,35,0.0,2937
32,53,0.0,2937
32,56,0.0,2937
32,63,0.0,2937
33,6,0.0,1875
33,9,0.0,1875
44,65,0.0,25887
33,12,0.0,1875
33,14,0.0,1875
33,15,0.0,1875
32,18,0.0,2937
45,18,0.0,14209
31,9,0.0,7686
45,19,0.0,14209
31,11,0.0,7686
31,12,0.0,7686
31,18,0.0,7686
31,19,0.0,7686
31,30,0.0,7686
31,37,0.0,7686
31,50,0.0,7686
31,53,0.0,7686
45,30,0.0,14209
31,56,0.0,7686
31,65,0.0,7686
31,68,0.0,7686
45,24,0.0,14209
32,9,0.0,2937
32,12,0.0,2937
47,24,0.0,2667
26,56,0.0,107
47,26,0.0,2667
24,57,0.0,36
24,60,0.0,36
24,61,0.0,36
24,62,0.0,36
24,63,0.0,36
24,65,0.0,36
24,67,0.0,36
24,68,0.0,36
24,69,0.0,36
25,11,0.0,2819
25,12,0.0,2819
25,15,0.0,2819
25,17,0.0,2819
48,12,0.0,47946
25,18,0.0,2819
25,19,0.0,2819
24,58,0.0,36
24,56,0.0,36
25,26,0.0,2819
24,55,0.0,36
48,56,0.0,47946
24,33,0.0,36
24,35,0.0,36
48,53,0.0,47946
24,36,0.0,36
24,37,0.0,36
24,40,0.0,36
24,41,0.0,36
24,45,0.0,36
24,47,0.0,36
24,49,0.0,36
24,50,0.0,36
24,51,0.0,36
24,53,0.0,36
24,54,0.0,36
25,24,0.0,2819
25,30,0.0,2819
26,54,0.0,107
26,17,0.0,107
26,21,0.0,107
26,22,0.0,107
26,24,0.0,107
26,25,0.0,107
26,28,0.0,107
26,30,0.0,107
26,33,0.0,107
26,35,0.0,107
26,37,0.0,107
47,35,0.0,2667
26,38,0.0,107
26,41,0.0,107
26,49,0.0,107
26,53,0.0,107
47,30,0.0,2667
26,18,0.0,107
26,12,0.0,107
25,53,0.0,2819
47,53,0.0,2667
25,56,0.0,2819
25,60,0.0,2819
47,68,0.0,2667
25,63,0.0,2819
47,65,0.0,2667
26,2,0.0,107
26,6,0.0,107
47,62,0.0,2667
26,7,0.0,107
47,60,0.0,2667
26,8,0.0,107
26,9,0.0,107
47,56,0.0,2667
26,10,0.0,107
26,11,0.0,107
33,17,0.0,1875
33,18,0.0,1875
33,19,0.0,1875
42,37,0.0,7769
42,35,0.0,7769
37,49,0.0,191
37,50,0.0,191
37,53,0.0,191
37,54,0.0,191
42,30,0.0,7769
37,56,0.0,191
37,60,0.0,191
42,24,0.0,7769
37,62,0.0,191
37,63,0.0,191
37,65,0.0,191
42,19,0.0,7769
37,68,0.0,191
37,69,0.0,191
37,35,0.0,191
37,33,0.0,191
42,11,0.0,7769
37,30,0.0,191
37,11,0.0,191
37,12,0.0,191
37,13,0.0,191
37,14,0.0,191
37,15,0.0,191
42,53,0.0,7769
37,17,0.0,191
42,50,0.0,7769
37,18,0.0,191
37,19,0.0,191
37,21,0.0,191
37,22,0.0,191
37,24,0.0,191
37,25,0.0,191
37,26,0.0,191
42,12,0.0,7769
38,11,0.0,15461
37,10,0.0,191
40,24,0.0,3403
40,26,0.0,3403
40,30,0.0,3403
40,35,0.0,3403
40,49,0.0,3403
40,50,0.0,3403
40,53,0.0,3403
40,56,0.0,3403
40,60,0.0,3403
40,63,0.0,3403
40,65,0.0,3403
41,9,0.0,9804
41,11,0.0,9804
41,18,0.0,9804
41,19,0.0,9804
41,24,0.0,9804
41,50,0.0,9804
41,53,0.0,9804
38,12,0.0,15461
40,19,0.0,3403
38,19,0.0,15461
38,22,0.0,15461
38,24,0.0,15461
38,30,0.0,15461
38,35,0.0,15461
38,37,0.0,15461
41,65,0.0,9804
38,53,0.0,15461
41,62,0.0,9804
38,65,0.0,15461
40,9,0.0,3403
40,14,0.0,3403
40,15,0.0,3403
41,56,0.0,9804
40,18,0.0,3403
42,60,0.0,7769
42,62,0.0,7769
44,56,0.0,25887
34,12,0.0,20792
44,19,0.0,25887
34,53,0.0,20792
34,56,0.0,20792
35,2,0.0,109
35,3,0.0,109
35,6,0.0,109
35,8,0.0,109
35,9,0.0,109
35,10,0.0,109
43,65,0.0,70329
35,11,0.0,109
35,12,0.0,109
35,13,0.0,109
35,14,0.0,109
35,15,0.0,109
34,30,0.0,20792
44,30,0.0,25887
35,18,0.0,109
33,69,0.0,1875
33,24,0.0,1875
33,26,0.0,1875
33,30,0.0,1875
33,35,0.0,1875
33,37,0.0,1875
33,49,0.0,1875
33,50,0.0,1875
33,53,0.0,1875
33,54,0.0,1875
33,56,0.0,1875
33,60,0.0,1875
33,62,0.0,1875
33,63,0.0,1875
33,65,0.0,1875
33,68,0.0,1875
35,17,0.0,109
35,19,0.0,109
37,9,0.0,191
35,62,0.0,109
35,64,0.0,109
35,65,0.0,109
35,68,0.0,109
35,69,0.0,109
36,11,0.0,17225
36,12,0.0,17225
36,24,0.0,17225
36,30,0.0,17225
36,53,0.0,17225
36,56,0.0,17225
36,65,0.0,17225
37,5,0.0,191
37,6,0.0,191
42,65,0.0,7769
37,7,0.0,191
35,63,0.0,109
35,60,0.0,109
35,21,0.0,109
35,58,0.0,109
35,22,0.0,109
35,24,0.0,109
35,26,0.0,109
35,28,0.0,109
35,30,0.0,109
35,33,0.0,109
35,38,0.0,109
35,40,0.0,109
35,42,0.0,109
35,47,0.0,109
35,49,0.0,109
35,50,0.0,109
35,53,0.0,109
35,54,0.0,109
35,56,0.0,109
24,32,0.0,36
24,30,0.0,36
24,28,0.0,36
19,3,0.0,51
19,6,0.0,51
19,7,0.0,51
19,8,0.0,51
54,37,0.0,508
19,9,0.0,51
54,35,0.0,508
19,10,0.0,51
54,33,0.0,508
19,11,0.0,51
19,12,0.0,51
54,30,0.0,508
19,13,0.0,51
19,15,0.0,51
19,17,0.0,51
54,24,0.0,508
19,5,0.0,51
19,2,0.0,51
54,22,0.0,508
18,69,0.0,37
18,58,0.0,37
54,63,0.0,508
18,60,0.0,37
18,61,0.0,37
54,60,0.0,508
54,58,0.0,508
18,62,0.0,37
54,56,0.0,508
18,63,0.0,37
54,53,0.0,508
18,64,0.0,37
54,50,0.0,508
18,65,0.0,37
18,67,0.0,37
18,68,0.0,37
19,18,0.0,51
19,21,0.0,51
18,57,0.0,37
19,33,0.0,51
19,35,0.0,51
19,36,0.0,51
19,37,0.0,51
19,38,0.0,51
51,60,0.0,2911
19,40,0.0,51
19,41,0.0,51
51,56,0.0,2911
19,42,0.0,51
19,45,0.0,51
51,53,0.0,2911
19,49,0.0,51
19,50,0.0,51
19,53,0.0,51
19,54,0.0,51
51,65,0.0,2911
51,68,0.0,2911
54,19,0.0,508
19,32,0.0,51
54,18,0.0,508
54,17,0.0,508
54,15,0.0,508
19,22,0.0,51
19,23,0.0,51
54,12,0.0,508
54,11,0.0,508
54,10,0.0,508
54,9,0.0,508
19,24,0.0,51
19,25,0.0,51
54,6,0.0,508
19,26,0.0,51
19,28,0.0,51
19,30,0.0,51
54,65,0.0,508
54,68,0.0,508
19,56,0.0,51
17,67,0.0,179
17,69,0.0,179
55,65,0.0,3727
18,2,0.0,37
18,3,0.0,37
18,5,0.0,37
18,6,0.0,37
55,60,0.0,3727
18,8,0.0,37
18,9,0.0,37
55,56,0.0,3727
18,10,0.0,37
55,53,0.0,3727
18,11,0.0,37
18,12,0.0,37
41,26,0.0,9804
17,68,0.0,179
56,2,0.0,24
18,15,0.0,37
56,3,0.0,24
56,21,0.0,24
56,19,0.0,24
56,18,0.0,24
56,17,0.0,24
56,15,0.0,24
56,14,0.0,24
56,13,0.0,24
56,12,0.0,24
56,11,0.0,24
56,10,0.0,24
56,9,0.0,24
56,8,0.0,24
56,7,0.0,24
56,6,0.0,24
56,5,0.0,24
18,14,0.0,37
18,17,0.0,37
54,69,0.0,508
18,40,0.0,37
55,19,0.0,3727
55,18,0.0,3727
55,15,0.0,3727
18,45,0.0,37
18,47,0.0,37
55,12,0.0,3727
55,11,0.0,3727
18,49,0.0,37
55,9,0.0,3727
18,50,0.0,37
18,51,0.0,37
18,53,0.0,37
18,54,0.0,37
18,55,0.0,37
18,56,0.0,37
18,41,0.0,37
18,37,0.0,37
18,19,0.0,37
55,24,0.0,3727
18,21,0.0,37
18,22,0.0,37
18,24,0.0,37
18,25,0.0,37
18,26,0.0,37
55,37,0.0,3727
18,30,0.0,37
55,35,0.0,3727
18,31,0.0,37
18,32,0.0,37
18,33,0.0,37
18,34,0.0,37
55,30,0.0,3727
18,35,0.0,37
18,36,0.0,37
19,55,0.0,51
19,58,0.0,51
24,26,0.0,36
49,62,0.0,308
49,60,0.0,308
22,56,0.0,351
22,62,0.0,351
49,56,0.0,308
22,63,0.0,351
22,65,0.0,351
49,53,0.0,308
22,68,0.0,351
22,69,0.0,351
23,9,0.0,5150
23,15,0.0,5150
23,19,0.0,5150
23,30,0.0,5150
23,53,0.0,5150
23,56,0.0,5150
22,54,0.0,351
49,63,0.0,308
24,2,0.0,36
22,53,0.0,351
22,37,0.0,351
50,12,0.0,116
50,11,0.0,116
50,10,0.0,116
50,9,0.0,116
50,8,0.0,116
22,40,0.0,351
50,6,0.0,116
22,49,0.0,351
50,3,0.0,116
22,50,0.0,351
49,69,0.0,308
49,68,0.0,308
22,51,0.0,351
49,65,0.0,308
23,65,0.0,5150
49,37,0.0,308
50,15,0.0,116
49,14,0.0,308
49,12,0.0,308
49,11,0.0,308
24,13,0.0,36
49,9,0.0,308
24,14,0.0,36
24,15,0.0,36
49,6,0.0,308
24,17,0.0,36
49,3,0.0,308
24,18,0.0,36
24,19,0.0,36
24,21,0.0,36
24,22,0.0,36
24,23,0.0,36
24,25,0.0,36
49,13,0.0,308
49,15,0.0,308
24,3,0.0,36
49,17,0.0,308
49,35,0.0,308
24,6,0.0,36
49,33,0.0,308
24,8,0.0,36
24,9,0.0,36
49,30,0.0,308
49,28,0.0,308
49,26,0.0,308
24,10,0.0,36
49,24,0.0,308
24,11,0.0,36
49,22,0.0,308
24,12,0.0,36
49,19,0.0,308
49,18,0.0,308
50,14,0.0,116
50,17,0.0,116
19,60,0.0,51
21,24,0.0,1187
21,26,0.0,1187
21,30,0.0,1187
51,12,0.0,2911
51,11,0.0,2911
21,35,0.0,1187
51,9,0.0,2911
21,37,0.0,1187
21,50,0.0,1187
21,53,0.0,1187
21,56,0.0,1187
21,60,0.0,1187
21,62,0.0,1187
50,69,0.0,116
50,68,0.0,116
21,63,0.0,1187
51,15,0.0,2911
51,18,0.0,2911
21,65,0.0,1187
21,19,0.0,1187
19,61,0.0,51
19,62,0.0,51
19,63,0.0,51
19,65,0.0,51
19,68,0.0,51
19,69,0.0,51
21,8,0.0,1187
21,9,0.0,1187
21,10,0.0,1187
21,11,0.0,1187
21,12,0.0,1187
21,14,0.0,1187
51,24,0.0,2911
21,18,0.0,1187
51,22,0.0,2911
50,65,0.0,116
50,63,0.0,116
50,18,0.0,116
22,24,0.0,351
22,26,0.0,351
50,35,0.0,116
22,28,0.0,351
50,33,0.0,116
50,32,0.0,116
50,31,0.0,116
50,30,0.0,116
50,28,0.0,116
50,26,0.0,116
22,30,0.0,351
22,32,0.0,351
22,35,0.0,351
50,22,0.0,116
50,21,0.0,116
50,19,0.0,116
50,37,0.0,116
22,19,0.0,351
50,62,0.0,116
50,41,0.0,116
50,60,0.0,116
22,8,0.0,351
50,57,0.0,116
50,56,0.0,116
22,9,0.0,351
50,54,0.0,116
50,53,0.0,116
22,10,0.0,351
22,11,0.0,351
22,12,0.0,351
50,47,0.0,116
22,14,0.0,351
22,15,0.0,351
22,17,0.0,351
22,18,0.0,351
69,68,0.0,126
